condition,scale,a,b,metric,n_pairs,mean_a,mean_a_ci_lo,mean_a_ci_hi,mean_b,mean_b_ci_lo,mean_b_ci_hi,hl_diff_a_minus_b,ci_lo,ci_hi,p_exact,identical,label
main N=1000 (declared),1000,DQN-ES,Random-K[K=3],avg_latency_ms,30,77.517143913728,75.44140563837786,79.69286373031154,101.94008787188365,95.6527655395188,109.38115695844647,-21.84958813704079,-26.698562859416235,-17.648550546914514,3.725290298461914e-09,False,exploratory (not declared; no multiplicity correction)
main N=1000 (declared),1000,DQN-ES,Random-K[K=3],avg_energy_mj,30,8.10886264761327,7.708025962172402,8.565522115741443,13.018631696666448,11.926520153115304,14.376278124791742,-4.511195158527767,-5.388887326892476,-3.779199438577089,3.725290298461914e-09,False,exploratory (not declared; no multiplicity correction)
main N=1000 (declared),1000,DQN-ES,Random-K[K=3],avg_privacy_risk,30,0.3435503396372648,0.3367627610778612,0.3502727749795735,0.25601820051411356,0.24959228653901533,0.26232800994252087,0.08713203583004656,0.08130564217083683,0.09314050078659786,1.862645149230957e-09,False,exploratory (not declared; no multiplicity correction)
main N=1000 (declared),1000,DQN-ES,Random-K[K=3],avg_privacy_risk_ss,30,0.3909396699205941,0.382836631442155,0.39855699727759797,0.25211328969358504,0.2451115741453435,0.258972709116154,0.13780870816209578,0.1297090171262904,0.14613235027504373,1.862645149230957e-09,False,exploratory (not declared; no multiplicity correction)
main N=1000 (declared),1000,DQN-ES,Random-K[K=3],sla_violation_pct,30,0.7200000000000002,0.5833333333333334,0.8466666666666668,2.6866666666666665,2.21,3.1166666666666667,-2.15,-2.4,-1.6,5.960464477539063e-08,False,exploratory (not declared; no multiplicity correction)
main N=1000 (declared),1000,DQN-ES,ES-only,avg_latency_ms,30,77.517143913728,75.4361131938833,79.795661142711,68.79111252527052,67.76488819566174,69.82936720036918,7.802092297701222,6.305576155489746,9.985320281418808,1.862645149230957e-09,False,exploratory (not declared; no multiplicity correction)
main N=1000 (declared),1000,DQN-ES,ES-only,avg_energy_mj,30,8.10886264761327,7.71579042918231,8.570048754622555,6.274933670173288,6.147511359690018,6.406678019872423,1.6153374178670719,1.3556826821456234,2.01177677015778,1.862645149230957e-09,False,exploratory (not declared; no multiplicity correction)
main N=1000 (declared),1000,DQN-ES,ES-only,avg_privacy_risk,30,0.3435503396372648,0.33670893704756555,0.35021432907689115,0.38314106804473996,0.3728433594992389,0.3934880977743372,-0.03771095617473377,-0.04744280155281311,-0.030412629822573447,1.862645149230957e-09,False,exploratory (not declared; no multiplicity correction)
main N=1000 (declared),1000,DQN-ES,ES-only,avg_privacy_risk_ss,30,0.3909396699205941,0.383111344693314,0.39849626184475406,0.41055456532194673,0.40128740088659137,0.4194235126730024,-0.020936766205083057,-0.02903416733630626,-0.012890229370818851,7.910653948783875e-05,False,exploratory (not declared; no multiplicity correction)
main N=1000 (declared),1000,DQN-ES,ES-only,sla_violation_pct,30,0.7200000000000002,0.5833333333333334,0.8499999999999999,0.15666666666666668,0.09666666666666668,0.21666666666666667,0.55,0.44999999999999996,0.7,2.9802322387695312e-08,False,exploratory (not declared; no multiplicity correction)
main N=1000 (declared),1000,DQN-ES,Static-Tier,avg_latency_ms,30,77.517143913728,75.47442582631736,79.69296003430061,141.63618815719275,139.97178750619673,143.2440256428556,-64.48851457148913,-66.64941519069274,-62.10829229840226,1.862645149230957e-09,False,exploratory (not declared; no multiplicity correction)
main N=1000 (declared),1000,DQN-ES,Static-Tier,avg_energy_mj,30,8.10886264761327,7.705182281690479,8.568146945908516,6.237934629258036,6.151280955223557,6.327146794145215,1.6858143016923823,1.3539569763093517,2.189669400482362,1.862645149230957e-09,False,exploratory (not declared; no multiplicity correction)
main N=1000 (declared),1000,DQN-ES,Static-Tier,avg_privacy_risk,30,0.3435503396372648,0.33679163668917556,0.3503571129615556,0.16942188943802117,0.16691266205209596,0.172027400163133,0.17547727075942215,0.16526085351707748,0.1824129784960337,1.862645149230957e-09,False,exploratory (not declared; no multiplicity correction)
main N=1000 (declared),1000,DQN-ES,Static-Tier,avg_privacy_risk_ss,30,0.3909396699205941,0.3831729675042462,0.3984457493724614,0.16801146464589675,0.16360449453508272,0.17255205621305056,0.2227895325482841,0.21505686269023067,0.23271060579159647,1.862645149230957e-09,False,exploratory (not declared; no multiplicity correction)
main N=1000 (declared),1000,DQN-ES,Static-Tier,sla_violation_pct,30,0.7200000000000002,0.5833333333333334,0.8466666666666668,0.07666666666666667,0.04666666666666666,0.11000000000000001,0.7,0.5,0.8,5.960464477539063e-08,False,exploratory (not declared; no multiplicity correction)
main N=1000 (declared),1000,DQN-ES,q-mixed[q=0.5],avg_latency_ms,30,77.517143913728,75.44156415577989,79.77253779014805,85.31328072612781,81.919212626052,89.12618957124035,-7.652452850650164,-10.02199834061684,-5.636027769675302,2.348795533180237e-06,False,exploratory (not declared; no multiplicity correction)
main N=1000 (declared),1000,DQN-ES,q-mixed[q=0.5],avg_energy_mj,30,8.10886264761327,7.713673709342625,8.557637956437,9.633697475285773,9.038477454075341,10.328373836873507,-1.556532739963509,-1.998777312058614,-1.1869233839128546,4.421919584274292e-06,False,exploratory (not declared; no multiplicity correction)
main N=1000 (declared),1000,DQN-ES,q-mixed[q=0.5],avg_privacy_risk,30,0.3435503396372648,0.3367659324672809,0.35023611482369266,0.3032760261954739,0.29584646013690247,0.31049263931678506,0.040111824837103016,0.034140745283859436,0.04628410004278771,3.725290298461914e-09,False,exploratory (not declared; no multiplicity correction)
main N=1000 (declared),1000,DQN-ES,q-mixed[q=0.5],avg_privacy_risk_ss,30,0.3909396699205941,0.38302813738099717,0.3984218516404749,0.31144356762308234,0.3046019237831052,0.3179508289339516,0.07950509145711873,0.07141667336850979,0.0865865309135451,1.862645149230957e-09,False,exploratory (not declared; no multiplicity correction)
main N=1000 (declared),1000,DQN-ES,q-mixed[q=0.5],sla_violation_pct,30,0.7200000000000002,0.5833333333333334,0.8466666666666668,1.4266666666666665,1.1400000000000001,1.7,-0.75,-0.9500000000000001,-0.5,3.2186508178710938e-06,False,exploratory (not declared; no multiplicity correction)
N=5000,5000,DQN-ES,q-mixed[q=1],avg_latency_ms,30,82.79618160484591,80.79008263384797,85.32786392704622,110.21817139258933,102.51846068710375,119.15541610477949,-24.177184785983187,-31.84999837970355,-17.522261933839317,1.862645149230957e-09,False,exploratory (not declared; no multiplicity correction)
N=5000,5000,DQN-ES,q-mixed[q=1],avg_energy_mj,30,7.6250905835724865,7.370205312912804,7.913597156012526,13.478760892630488,12.210265661174716,14.993865219527267,-5.3112808594121885,-6.572038697381436,-4.1989032297352225,3.725290298461914e-09,False,exploratory (not declared; no multiplicity correction)
N=5000,5000,DQN-ES,q-mixed[q=1],avg_privacy_risk,30,0.3042344900406538,0.2924944325314358,0.3153721726581505,0.13955504098499,0.13286027967653694,0.14586285723915474,0.166733065567127,0.15499956153542618,0.18020046177530194,1.862645149230957e-09,False,exploratory (not declared; no multiplicity correction)
N=5000,5000,DQN-ES,q-mixed[q=1],avg_privacy_risk_ss,30,0.3177636208119784,0.3051814423109466,0.329748965201109,0.13827522561132363,0.1313139926363336,0.144751162155729,0.18213585259306175,0.16892135903579375,0.19530733606906653,1.862645149230957e-09,False,exploratory (not declared; no multiplicity correction)
N=5000,5000,DQN-ES,q-mixed[q=1],sla_violation_pct,30,0.2986666666666667,0.22933333333333333,0.37733333333333335,2.6159999999999997,2.1473166666666668,3.022,-2.67,-2.88,-1.67,1.4901161193847656e-08,False,exploratory (not declared; no multiplicity correction)
N=5000,5000,DQN-ES,ES-only,avg_latency_ms,30,82.79618160484591,80.76797515563135,85.24595473233623,77.28385392936211,76.56236078101911,78.00609720344048,4.776793193131482,2.7468102218737798,6.339235371922866,1.862645149230957e-09,False,exploratory (not declared; no multiplicity correction)
N=5000,5000,DQN-ES,ES-only,avg_energy_mj,30,7.6250905835724865,7.373272667910828,7.907992392342958,6.658250126351575,6.57764433813419,6.738370490301992,0.8234583661307373,0.5922376657132276,1.1450629476928067,1.862645149230957e-09,False,exploratory (not declared; no multiplicity correction)
N=5000,5000,DQN-ES,ES-only,avg_privacy_risk,30,0.3042344900406538,0.2927644666625698,0.31518087482707774,0.3160262990202509,0.3001508983345744,0.33033606298858864,-0.011187829476536598,-0.02138546720793466,-4.237620151550936e-05,0.05768792890012264,False,exploratory (not declared; no multiplicity correction)
N=5000,5000,DQN-ES,ES-only,avg_privacy_risk_ss,30,0.3177636208119784,0.30490432390208916,0.32978893203872506,0.3225169959673877,0.30649581409729537,0.3374645944935177,-0.0046451791210326,-0.014473027688849976,0.006230250815027205,0.4399667661637068,False,exploratory (not declared; no multiplicity correction)
N=5000,5000,DQN-ES,ES-only,sla_violation_pct,30,0.2986666666666667,0.22866666666666666,0.3753333333333334,0.046000000000000006,0.02666666666666667,0.068,0.23,0.18,0.28,5.960464477539063e-08,False,exploratory (not declared; no multiplicity correction)
N=5000,5000,DQN-ES,q-mixed[q=0.5],avg_latency_ms,30,82.79618160484591,80.7561626230388,85.298324846888,92.39830660131389,88.6802104571052,96.52461889142481,-8.677490812902661,-12.058139638161784,-5.876683492650841,3.2391399145126343e-06,False,exploratory (not declared; no multiplicity correction)
N=5000,5000,DQN-ES,q-mixed[q=0.5],avg_energy_mj,30,7.6250905835724865,7.36723101735634,7.917279443285894,9.900259304685981,9.291958570096979,10.59661006240485,-2.1142998291501662,-2.627662164199828,-1.6904298455658449,2.551823854446411e-07,False,exploratory (not declared; no multiplicity correction)
N=5000,5000,DQN-ES,q-mixed[q=0.5],avg_privacy_risk,30,0.3042344900406538,0.2929613439417437,0.3154802086428161,0.20062684209787116,0.191156214314948,0.2095935674743172,0.10670850112032769,0.09280036444748033,0.1187119662497974,1.862645149230957e-09,False,exploratory (not declared; no multiplicity correction)
N=5000,5000,DQN-ES,q-mixed[q=0.5],avg_privacy_risk_ss,30,0.3177636208119784,0.30566314946049916,0.3296133829507078,0.20192503990758134,0.1919315192192437,0.21126415812978683,0.11981111347758751,0.10397692797319938,0.13286124241692343,1.862645149230957e-09,False,exploratory (not declared; no multiplicity correction)
N=5000,5000,DQN-ES,q-mixed[q=0.5],sla_violation_pct,30,0.2986666666666667,0.22866666666666666,0.378,1.2886666666666666,1.0586666666666666,1.4966666666666666,-1.0899999999999999,-1.22,-0.76,1.862645149230957e-08,False,exploratory (not declared; no multiplicity correction)
MIT-BIH trace,trace,DQN-ES,Random-K[K=3],avg_latency_ms,30,365.0930516937236,350.10542716177497,380.3585201180364,430.9958347970357,410.41692651845216,454.4223324676929,-65.42702360257914,-92.5519239963196,-36.722111962997076,0.00020912662148475647,False,exploratory (not declared; no multiplicity correction)
MIT-BIH trace,trace,DQN-ES,Random-K[K=3],avg_energy_mj,30,34.4024870384319,33.971079407275546,34.84321924088691,45.58005220925979,42.182078001773455,49.44438283656649,-9.985915609691869,-13.566327339561923,-5.981135957603023,1.862645149230957e-09,False,exploratory (not declared; no multiplicity correction)
MIT-BIH trace,trace,DQN-ES,Random-K[K=3],avg_privacy_risk,30,0.49601949626311065,0.48687382633016296,0.5051175179893531,0.36695745442024663,0.3608604462260755,0.3723378665070023,0.12886872577356998,0.1219835723494618,0.13537844620406733,1.862645149230957e-09,False,exploratory (not declared; no multiplicity correction)
MIT-BIH trace,trace,DQN-ES,Random-K[K=3],avg_privacy_risk_ss,30,0.502972624985625,0.49411981800271115,0.5122204467677123,0.36767106908809616,0.36161494570265834,0.37283520299229134,0.13542742725935195,0.1278281302892505,0.14171948182721567,1.862645149230957e-09,False,exploratory (not declared; no multiplicity correction)
MIT-BIH trace,trace,DQN-ES,Random-K[K=3],sla_violation_pct,30,16.930169753086417,12.798476080246914,21.201456404320986,27.396604938271608,25.255738811728392,29.19021990740741,-10.387731481481481,-15.937500000000002,-5.960648148148147,0.00031275488436222076,False,exploratory (not declared; no multiplicity correction)
MIT-BIH trace,trace,DQN-ES,ES-only,avg_latency_ms,30,365.0930516937236,349.92616180553574,380.41061626660513,429.39045849094845,426.76704660756394,431.6880352324179,-65.96025271203018,-81.19966128917247,-46.05134156544085,8.009374141693115e-08,False,exploratory (not declared; no multiplicity correction)
MIT-BIH trace,trace,DQN-ES,ES-only,avg_energy_mj,30,34.4024870384319,33.979571798447886,34.84155664076546,35.1678913706754,35.050633274808504,35.30065134577513,-0.7874486164730854,-1.267404642797544,-0.36102267452501025,0.0023674946278333664,False,exploratory (not declared; no multiplicity correction)
MIT-BIH trace,trace,DQN-ES,ES-only,avg_privacy_risk,30,0.49601949626311065,0.4869850690018601,0.5051682836330577,0.5000854388181478,0.4895840365666949,0.5087249588436021,-0.0059005138489516,-0.013033569908846354,0.0025214983511830935,0.18396909348666668,False,exploratory (not declared; no multiplicity correction)
MIT-BIH trace,trace,DQN-ES,ES-only,avg_privacy_risk_ss,30,0.502972624985625,0.49392408762405277,0.5121294758694526,0.5038245874276234,0.49351918850951915,0.511932623607899,-0.0027111642787631673,-0.010239159251816898,0.006017645094536339,0.5291051845997572,False,exploratory (not declared; no multiplicity correction)
MIT-BIH trace,trace,DQN-ES,ES-only,sla_violation_pct,30,16.930169753086417,12.896913580246915,21.2666087962963,35.45023148148149,34.78125,35.95718557098766,-18.391203703703706,-25.266203703703702,-14.091435185185187,4.6566128730773926e-08,False,exploratory (not declared; no multiplicity correction)
MIT-BIH trace,trace,DQN-ES,Static-Tier,avg_latency_ms,30,365.0930516937236,350.042864485081,380.51511990391884,215926.45416017223,215016.21133952378,216768.96606189053,-215695.14634728164,-216610.1444435525,-214653.0924860267,1.862645149230957e-09,False,exploratory (not declared; no multiplicity correction)
MIT-BIH trace,trace,DQN-ES,Static-Tier,avg_energy_mj,30,34.4024870384319,33.97900229844507,34.85657544721394,7136.435546661903,7107.232617825507,7164.914237316913,-7107.226851973146,-7136.032066540065,-7070.015427567341,1.862645149230957e-09,False,exploratory (not declared; no multiplicity correction)
MIT-BIH trace,trace,DQN-ES,Static-Tier,avg_privacy_risk,30,0.49601949626311065,0.4870116869294421,0.5052893299731803,0.8999999999999998,0.8999999999999999,0.9000000000000001,-0.4025181860792304,-0.413886882520618,-0.39703280446812794,1.862645149230957e-09,False,exploratory (not declared; no multiplicity correction)
MIT-BIH trace,trace,DQN-ES,Static-Tier,avg_privacy_risk_ss,30,0.502972624985625,0.49409178980510365,0.5122011241928274,0.8999999999999998,0.8999999999999999,0.9000000000000001,-0.39619683574994086,-0.40574088764021243,-0.3902268159036733,1.862645149230957e-09,False,exploratory (not declared; no multiplicity correction)
MIT-BIH trace,trace,DQN-ES,Static-Tier,sla_violation_pct,30,16.930169753086417,12.820524691358024,21.269126157407406,99.92554012345681,99.91782407407409,99.93209876543212,-82.97453703703704,-89.96527777777777,-78.38541666666667,1.862645149230957e-09,False,exploratory (not declared; no multiplicity correction)
MIT-BIH trace,trace,DQN-ES,q-mixed[q=0.5],avg_latency_ms,30,365.0930516937236,349.6298832849533,380.4504506587611,432.80351440787206,422.2890885150853,444.0334929700375,-67.39540471741003,-89.74393256249738,-48.613896105110435,9.98377799987793e-07,False,exploratory (not declared; no multiplicity correction)
MIT-BIH trace,trace,DQN-ES,q-mixed[q=0.5],avg_energy_mj,30,34.4024870384319,33.96534454602005,34.84862312232969,40.22500404245144,38.65008452860134,42.031090910506556,-5.3069134096105195,-7.152753637546291,-3.617933964741148,1.862645149230957e-09,False,exploratory (not declared; no multiplicity correction)
MIT-BIH trace,trace,DQN-ES,q-mixed[q=0.5],avg_privacy_risk,30,0.49601949626311065,0.4869892651869751,0.5050715046320092,0.4174789063240249,0.4112986573733148,0.4230622773751748,0.07738047325029793,0.0729254369194893,0.08287766174421876,1.862645149230957e-09,False,exploratory (not declared; no multiplicity correction)
MIT-BIH trace,trace,DQN-ES,q-mixed[q=0.5],avg_privacy_risk_ss,30,0.502972624985625,0.4938816015372456,0.5121295277159578,0.4192959513179582,0.4132442325269297,0.4247721413246107,0.08289592229062806,0.07741553218510058,0.08836750630227316,1.862645149230957e-09,False,exploratory (not declared; no multiplicity correction)
MIT-BIH trace,trace,DQN-ES,q-mixed[q=0.5],sla_violation_pct,30,16.930169753086417,12.840489969135803,21.194193672839507,32.136574074074076,30.818653549382717,33.30595100308643,-14.965277777777775,-20.89699074074074,-10.954861111111112,3.7904828786849976e-06,False,exploratory (not declared; no multiplicity correction)
ECG payload 10 KB,1000,DQN-ES,ES-only,avg_latency_ms,30,29.133042609847504,28.688543221816538,29.614367540663636,28.12000099731735,27.81408864557668,28.42810782931477,0.8916963260325588,0.6322129706281547,1.155395512825427,4.6566128730773926e-08,False,exploratory (not declared; no multiplicity correction)
ECG payload 10 KB,1000,DQN-ES,ES-only,avg_energy_mj,30,1.5000120928973457,1.457460591354294,1.5456469237095407,1.3432627584933148,1.3198085665104147,1.3678394802735296,0.1489352009742395,0.11750459871022523,0.18678022374849568,1.862645149230957e-09,False,exploratory (not declared; no multiplicity correction)
ECG payload 10 KB,1000,DQN-ES,ES-only,avg_privacy_risk,30,0.3779612697415107,0.36435866816531554,0.3894177598568149,0.43493308870264014,0.426288037278179,0.4432202262574615,-0.05497430714967502,-0.06564222419315344,-0.04569477605806849,5.587935447692871e-09,False,exploratory (not declared; no multiplicity correction)
ECG payload 10 KB,1000,DQN-ES,ES-only,avg_privacy_risk_ss,30,0.45643924316649204,0.4382467332557428,0.472506641115902,0.49993140472265474,0.48869831683004455,0.511026547466173,-0.04483113520348403,-0.05067217654680675,-0.03571073344826589,1.1920928955078125e-06,False,exploratory (not declared; no multiplicity correction)
ECG payload 10 KB,1000,DQN-ES,ES-only,sla_violation_pct,30,0.0,0.0,0.0,0.0,0.0,0.0,0.0,0.0,0.0,1.0,True,exploratory (not declared; no multiplicity correction)
sensitivity/rho0.3,1000,DQN-ES,Random-K[K=3],avg_latency_ms,30,79.79615506907803,77.59344429586706,82.02281147311153,103.81306796087726,97.51958028456309,111.44494266607252,-21.492128154327922,-26.23331899013096,-17.257241063879235,3.725290298461914e-09,False,exploratory (not declared; no multiplicity correction)
sensitivity/rho0.3,1000,DQN-ES,Random-K[K=3],avg_energy_mj,30,8.179650273529756,7.839072880596385,8.5599496357887,13.13771467209182,12.018192930692418,14.453016973019952,-4.4855480535120105,-5.351999754961582,-3.750659351444968,1.862645149230957e-09,False,exploratory (not declared; no multiplicity correction)
sensitivity/rho0.3,1000,DQN-ES,Random-K[K=3],avg_privacy_risk,30,0.30876488141684555,0.2998880811809586,0.3171203890692894,0.2140441568174068,0.20677174899498968,0.22156141309025565,0.09443643423609048,0.08653798371633342,0.10237209638967577,1.862645149230957e-09,False,exploratory (not declared; no multiplicity correction)
sensitivity/rho0.3,1000,DQN-ES,Random-K[K=3],avg_privacy_risk_ss,30,0.36000967925333177,0.3516435305941726,0.3681891465013937,0.21008452279143436,0.20172098069438532,0.2181472821241858,0.14945656504337093,0.1399142920083123,0.1592913768950833,1.862645149230957e-09,False,exploratory (not declared; no multiplicity correction)
sensitivity/rho0.3,1000,DQN-ES,Random-K[K=3],sla_violation_pct,30,0.8166666666666668,0.6033333333333334,1.1033333333333333,2.7033333333333327,2.23,3.1266666666666665,-2.0999999999999996,-2.4000000000000004,-1.3499999999999999,1.4901161193847656e-07,False,exploratory (not declared; no multiplicity correction)
sensitivity/rho0.3,1000,DQN-ES,ES-only,avg_latency_ms,30,79.79615506907803,77.6211801009704,82.12484471083572,70.94147235874588,69.92121472940161,71.96241827958528,8.032699541106943,6.274589929343541,10.77398147007927,1.862645149230957e-09,False,exploratory (not declared; no multiplicity correction)
sensitivity/rho0.3,1000,DQN-ES,ES-only,avg_energy_mj,30,8.179650273529756,7.827574711612083,8.555162149449961,6.394616889841869,6.272847172954835,6.5163381576481045,1.649920364040832,1.3332241753457188,2.1199074983965795,1.862645149230957e-09,False,exploratory (not declared; no multiplicity correction)
sensitivity/rho0.3,1000,DQN-ES,ES-only,avg_privacy_risk,30,0.30876488141684555,0.29969197559188193,0.3170633769294058,0.35617777400818346,0.34483241580838764,0.367581299388858,-0.04524973296454793,-0.05620932794138331,-0.03553351226337617,1.862645149230957e-09,False,exploratory (not declared; no multiplicity correction)
sensitivity/rho0.3,1000,DQN-ES,ES-only,avg_privacy_risk_ss,30,0.36000967925333177,0.35148663261621715,0.3679972087885463,0.3857403401245118,0.3729459975872356,0.3982469838477563,-0.024271360542708537,-0.034313185517960365,-0.015682389361637156,3.2391399145126343e-06,False,exploratory (not declared; no multiplicity correction)
sensitivity/rho0.3,1000,DQN-ES,ES-only,sla_violation_pct,30,0.8166666666666668,0.6066666666666667,1.1,0.14666666666666664,0.09000000000000001,0.20674999999999882,0.6,0.44999999999999996,0.75,8.940696716308594e-08,False,exploratory (not declared; no multiplicity correction)
sensitivity/rho0.3,1000,DQN-ES,Static-Tier,avg_latency_ms,30,79.79615506907803,77.65638259041751,82.0688392534208,147.8302254693057,146.01395622181926,149.63330736552416,-68.34494515985925,-70.63273027405035,-65.50687608894518,1.862645149230957e-09,False,exploratory (not declared; no multiplicity correction)
sensitivity/rho0.3,1000,DQN-ES,Static-Tier,avg_energy_mj,30,8.179650273529756,7.82859011038446,8.553477010589319,6.314158111791096,6.225265806260844,6.406141087593378,1.7867829111037659,1.4049301018006224,2.2495919257960133,1.862645149230957e-09,False,exploratory (not declared; no multiplicity correction)
sensitivity/rho0.3,1000,DQN-ES,Static-Tier,avg_privacy_risk,30,0.30876488141684555,0.299733319613339,0.3170678109979246,0.16942188943802117,0.16688283084083524,0.1720259905229848,0.14025896188866877,0.12986144656925153,0.15054867676501815,1.862645149230957e-09,False,exploratory (not declared; no multiplicity correction)
sensitivity/rho0.3,1000,DQN-ES,Static-Tier,avg_privacy_risk_ss,30,0.36000967925333177,0.3519413016233031,0.3682086893887594,0.16801146464589675,0.16369204319569094,0.17258138265852094,0.1922386589345299,0.1826849558289479,0.20311066438140124,1.862645149230957e-09,False,exploratory (not declared; no multiplicity correction)
sensitivity/rho0.3,1000,DQN-ES,Static-Tier,sla_violation_pct,30,0.8166666666666668,0.6065833333333341,1.0866666666666667,0.15666666666666665,0.11666666666666667,0.2,0.6,0.4,0.75,1.1920928955078125e-07,False,exploratory (not declared; no multiplicity correction)
sensitivity/rho0.3,1000,DQN-ES,q-mixed[q=0.5],avg_latency_ms,30,79.79615506907803,77.64288323122754,82.04612678151197,87.30112332747962,83.90095059641543,91.15648835649536,-7.141313560420187,-9.313743117842407,-4.983659540004076,2.348795533180237e-06,False,exploratory (not declared; no multiplicity correction)
sensitivity/rho0.3,1000,DQN-ES,q-mixed[q=0.5],avg_energy_mj,30,8.179650273529756,7.82492997451234,8.54767168084482,9.760592856733435,9.144790234891335,10.452747432700544,-1.5011602377577873,-1.9696350954909945,-1.1236359040600283,6.910413503646851e-07,False,exploratory (not declared; no multiplicity correction)
sensitivity/rho0.3,1000,DQN-ES,q-mixed[q=0.5],avg_privacy_risk,30,0.30876488141684555,0.29984178966339653,0.31717310822137046,0.265266027221197,0.25791946899293083,0.27251688722156353,0.045630594366599136,0.037925282975128705,0.05215962000143527,4.6566128730773926e-08,False,exploratory (not declared; no multiplicity correction)
sensitivity/rho0.3,1000,DQN-ES,q-mixed[q=0.5],avg_privacy_risk_ss,30,0.36000967925333177,0.35133105600693226,0.36805105724120674,0.2767486152175895,0.268373271994138,0.28435017458641904,0.08347920631563208,0.07577233840048128,0.09158234514115468,1.862645149230957e-09,False,exploratory (not declared; no multiplicity correction)
sensitivity/rho0.3,1000,DQN-ES,q-mixed[q=0.5],sla_violation_pct,30,0.8166666666666668,0.5966666666666668,1.0933333333333333,1.4366666666666668,1.1566666666666665,1.7033333333333334,-0.7,-0.95,-0.45,0.00018036365509033203,False,exploratory (not declared; no multiplicity correction)
sensitivity/rho0.6,1000,DQN-ES,Random-K[K=3],avg_latency_ms,30,86.46319666446428,83.69919931481076,89.46555123929896,108.18015213180901,101.609715941553,115.93626316571186,-19.431378457239006,-24.614444091792883,-14.98020115308995,9.313225746154785e-09,False,exploratory (not declared; no multiplicity correction)
sensitivity/rho0.6,1000,DQN-ES,Random-K[K=3],avg_energy_mj,30,8.723061369073184,8.260276344024634,9.249110015862598,13.403860348899494,12.255766264041148,14.687296489451153,-4.2522772592124545,-5.154883960489708,-3.5618963609313044,5.587935447692871e-09,False,exploratory (not declared; no multiplicity correction)
sensitivity/rho0.6,1000,DQN-ES,Random-K[K=3],avg_privacy_risk,30,0.25512965150300515,0.24544705757759497,0.2644547372197183,0.15993945564086565,0.1528863334522497,0.16717544739579582,0.09443022539356674,0.0856791241547032,0.10337771907297696,1.862645149230957e-09,False,exploratory (not declared; no multiplicity correction)
sensitivity/rho0.6,1000,DQN-ES,Random-K[K=3],avg_privacy_risk_ss,30,0.303741499615932,0.2919290177309693,0.31513360924642536,0.151941994249193,0.14403542007245995,0.15982938421355727,0.15214320301004436,0.14169530399413816,0.1624750405794983,1.862645149230957e-09,False,exploratory (not declared; no multiplicity correction)
sensitivity/rho0.6,1000,DQN-ES,Random-K[K=3],sla_violation_pct,30,0.8066666666666669,0.6166666666666667,1.0266666666666666,2.7299999999999995,2.2433333333333336,3.1599999999999997,-2.0999999999999996,-2.4000000000000004,-1.45,1.1920928955078125e-07,False,exploratory (not declared; no multiplicity correction)
sensitivity/rho0.6,1000,DQN-ES,ES-only,avg_latency_ms,30,86.46319666446428,83.68653700683946,89.45759261094884,76.27516620102998,74.89389346569577,77.65321835436467,9.332450870260061,6.912485780639578,12.961030310192136,1.862645149230957e-09,False,exploratory (not declared; no multiplicity correction)
sensitivity/rho0.6,1000,DQN-ES,ES-only,avg_energy_mj,30,8.723061369073184,8.262679064764134,9.269136193685993,6.762836694537484,6.627950601518056,6.890989288527322,1.7301023474818265,1.4001497001812626,2.243829946985113,1.862645149230957e-09,False,exploratory (not declared; no multiplicity correction)
sensitivity/rho0.6,1000,DQN-ES,ES-only,avg_privacy_risk,30,0.25512965150300515,0.24557709554011403,0.26454966372453254,0.3060381783798492,0.29210470613773426,0.31920710950023484,-0.04979252675168057,-0.06110487502627657,-0.038953518655112124,1.862645149230957e-09,False,exploratory (not declared; no multiplicity correction)
sensitivity/rho0.6,1000,DQN-ES,ES-only,avg_privacy_risk_ss,30,0.303741499615932,0.29172926012384903,0.3149896450934924,0.3362554424815475,0.319976457664292,0.35156832628642243,-0.03003209953318578,-0.04341350164159888,-0.019237661713256266,5.144625902175903e-06,False,exploratory (not declared; no multiplicity correction)
sensitivity/rho0.6,1000,DQN-ES,ES-only,sla_violation_pct,30,0.8066666666666669,0.6166666666666667,1.0233333333333334,0.12666666666666668,0.08333333333333333,0.17333333333333334,0.65,0.45,0.8,7.450580596923828e-08,False,exploratory (not declared; no multiplicity correction)
sensitivity/rho0.6,1000,DQN-ES,Static-Tier,avg_latency_ms,30,86.46319666446428,83.6277351231866,89.5593465358842,162.76992349125115,160.49326900224364,165.10780976583428,-76.49285608448578,-79.41865886136694,-73.08560428936809,1.862645149230957e-09,False,exploratory (not declared; no multiplicity correction)
sensitivity/rho0.6,1000,DQN-ES,Static-Tier,avg_energy_mj,30,8.723061369073184,8.257290313972565,9.244023434947305,6.538146022081963,6.433861417381397,6.6420208296589065,1.9975629993673776,1.569513054607976,2.48964879639796,1.862645149230957e-09,False,exploratory (not declared; no multiplicity correction)
sensitivity/rho0.6,1000,DQN-ES,Static-Tier,avg_privacy_risk,30,0.25512965150300515,0.2455816434258826,0.2647340153110541,0.16942188943802117,0.1668582361240301,0.1719381159274696,0.08561372766813097,0.07423833835695656,0.0971544773022687,1.862645149230957e-09,False,exploratory (not declared; no multiplicity correction)
sensitivity/rho0.6,1000,DQN-ES,Static-Tier,avg_privacy_risk_ss,30,0.303741499615932,0.2918761094891555,0.31521256699792755,0.16801146464589675,0.16362781929217282,0.17264679922904683,0.13655621666950352,0.12529249506650286,0.14965984112374608,1.862645149230957e-09,False,exploratory (not declared; no multiplicity correction)
sensitivity/rho0.6,1000,DQN-ES,Static-Tier,sla_violation_pct,30,0.8066666666666669,0.6166666666666667,1.02,0.4166666666666667,0.33666666666666667,0.5066666666666666,0.39999999999999997,0.15000000000000002,0.6,0.0019648782908916473,False,exploratory (not declared; no multiplicity correction)
sensitivity/rho0.6,1000,DQN-ES,q-mixed[q=0.5],avg_latency_ms,30,86.46319666446428,83.6677243758196,89.40704158934828,91.91087031060826,88.35511418480783,95.87681465590269,-5.685072064581334,-8.156950885367454,-2.872720253988497,0.0011314544826745987,False,exploratory (not declared; no multiplicity correction)
sensitivity/rho0.6,1000,DQN-ES,q-mixed[q=0.5],avg_energy_mj,30,8.723061369073184,8.262218810027772,9.261841671271915,10.05237850326801,9.44658951102758,10.73715183870091,-1.3296136017011766,-1.7858701440546496,-0.9196146148049813,1.3966113328933716e-05,False,exploratory (not declared; no multiplicity correction)
sensitivity/rho0.6,1000,DQN-ES,q-mixed[q=0.5],avg_privacy_risk,30,0.25512965150300515,0.24538076842438772,0.26482099704435924,0.2108945739612149,0.20136577399539918,0.21997894991795205,0.04476809767895208,0.03661445470065655,0.05231121443479002,5.587935447692871e-09,False,exploratory (not declared; no multiplicity correction)
sensitivity/rho0.6,1000,DQN-ES,q-mixed[q=0.5],avg_privacy_risk_ss,30,0.303741499615932,0.2918040623284988,0.3150440315567023,0.21781647082373254,0.20719026955680123,0.22733619719412465,0.08691916437299468,0.07679132463222192,0.09567651594913881,1.862645149230957e-09,False,exploratory (not declared; no multiplicity correction)
sensitivity/rho0.6,1000,DQN-ES,q-mixed[q=0.5],sla_violation_pct,30,0.8066666666666669,0.62,1.0234166666666655,1.44,1.1566666666666665,1.7166666666666666,-0.65,-0.9500000000000001,-0.4,0.00022035837173461914,False,exploratory (not declared; no multiplicity correction)
sensitivity/rho0.85,1000,DQN-ES,Random-K[K=3],avg_latency_ms,30,94.17855337428708,90.87950320820427,97.71328204425295,112.53694293511123,105.66840791998345,120.40983652516354,-15.65627705563773,-21.505818001065776,-11.100134379317709,3.855675458908081e-07,False,exploratory (not declared; no multiplicity correction)
sensitivity/rho0.85,1000,DQN-ES,Random-K[K=3],avg_energy_mj,30,9.312992934421224,8.8366256924543,9.841266399107806,13.65281522852945,12.508363356524221,15.058808081079627,-3.9109499866926667,-4.792892620250864,-3.125856205260229,1.30385160446167e-08,False,exploratory (not declared; no multiplicity correction)
sensitivity/rho0.85,1000,DQN-ES,Random-K[K=3],avg_privacy_risk,30,0.21469910937799455,0.2046502552171314,0.22423880324148357,0.12833263395431818,0.12176660783550006,0.13455509597138218,0.08644226019524473,0.0767428669960721,0.09624349107447054,1.862645149230957e-09,False,exploratory (not declared; no multiplicity correction)
sensitivity/rho0.85,1000,DQN-ES,Random-K[K=3],avg_privacy_risk_ss,30,0.2554856897484573,0.24276233917847467,0.2675257761276903,0.11608684321454682,0.10878819824876798,0.12332727166672157,0.14101795671718612,0.12876501105029992,0.15127526743061798,1.862645149230957e-09,False,exploratory (not declared; no multiplicity correction)
sensitivity/rho0.85,1000,DQN-ES,Random-K[K=3],sla_violation_pct,30,0.9866666666666667,0.7099999999999999,1.3133333333333332,2.74,2.2766666666666664,3.1633333333333336,-1.8000000000000003,-2.3,-1.35,2.086162567138672e-07,False,exploratory (not declared; no multiplicity correction)
sensitivity/rho0.85,1000,DQN-ES,ES-only,avg_latency_ms,30,94.17855337428708,90.87153092515578,97.7736052235974,82.10668594403771,80.57600296316008,83.62499691670017,11.169870782702361,8.003944357025134,14.612030179359309,1.862645149230957e-09,False,exploratory (not declared; no multiplicity correction)
sensitivity/rho0.85,1000,DQN-ES,ES-only,avg_energy_mj,30,9.312992934421224,8.840852982072956,9.859043941370615,7.209076885067065,7.068191644605255,7.34973782460419,1.9306736405218285,1.4637633446537102,2.4487765812860487,1.862645149230957e-09,False,exploratory (not declared; no multiplicity correction)
sensitivity/rho0.85,1000,DQN-ES,ES-only,avg_privacy_risk,30,0.21469910937799455,0.2046235925181651,0.22445527170983715,0.26353311505305194,0.2490269973406868,0.2771646738289375,-0.04905754636313693,-0.060383448085314845,-0.03763010692484814,8.009374141693115e-08,False,exploratory (not declared; no multiplicity correction)
sensitivity/rho0.85,1000,DQN-ES,ES-only,avg_privacy_risk_ss,30,0.2554856897484573,0.24322112638213383,0.2676421192510203,0.28876064329409296,0.27160561071843986,0.3046474650902642,-0.03363104882397122,-0.047299945171000085,-0.019942026841930055,0.0001528710126876831,False,exploratory (not declared; no multiplicity correction)
sensitivity/rho0.85,1000,DQN-ES,ES-only,sla_violation_pct,30,0.9866666666666667,0.7099999999999999,1.3166666666666667,0.1633333333333333,0.10333333333333333,0.22666666666666668,0.65,0.45,0.9,4.470348358154297e-08,False,exploratory (not declared; no multiplicity correction)
sensitivity/rho0.85,1000,DQN-ES,Static-Tier,avg_latency_ms,30,94.17855337428708,90.90054477624535,97.68036276632871,181.3546833839224,178.22662923619794,184.57484009337983,-86.54443724470588,-90.40298719068574,-83.40385849133932,1.862645149230957e-09,False,exploratory (not declared; no multiplicity correction)
sensitivity/rho0.85,1000,DQN-ES,Static-Tier,avg_energy_mj,30,9.312992934421224,8.843929195507215,9.85454822881909,6.901545501873449,6.760737017369482,7.046432653489307,2.264391739091394,1.7597613813907387,2.835281049159433,1.862645149230957e-09,False,exploratory (not declared; no multiplicity correction)
sensitivity/rho0.85,1000,DQN-ES,Static-Tier,avg_privacy_risk,30,0.21469910937799455,0.20474313859665738,0.2244965411287541,0.16942188943802117,0.16692206943321294,0.1720493378145109,0.046347834616574685,0.033390474135438955,0.057013879333858986,6.146728992462158e-08,False,exploratory (not declared; no multiplicity correction)
sensitivity/rho0.85,1000,DQN-ES,Static-Tier,avg_privacy_risk_ss,30,0.2554856897484573,0.24291562979774903,0.26760312671222863,0.16801146464589675,0.16350347132385537,0.172638497870539,0.0874481319792358,0.0732651231325957,0.10390906277242903,1.862645149230957e-09,False,exploratory (not declared; no multiplicity correction)
sensitivity/rho0.85,1000,DQN-ES,Static-Tier,sla_violation_pct,30,0.9866666666666667,0.7100000000000002,1.3000833333333321,1.403333333333333,1.06,1.7933333333333332,-0.24999999999999994,-0.65,0.050000000000000044,0.130075603723526,False,exploratory (not declared; no multiplicity correction)
sensitivity/rho0.85,1000,DQN-ES,q-mixed[q=0.5],avg_latency_ms,30,94.17855337428708,90.87857349968915,97.68256666719343,96.90209850902127,93.14111697304234,101.10514706952638,-3.049364521122669,-6.265684574192278,-0.12751557091820587,0.047259049490094185,False,exploratory (not declared; no multiplicity correction)
sensitivity/rho0.85,1000,DQN-ES,q-mixed[q=0.5],avg_energy_mj,30,9.312992934421224,8.836207751121352,9.866062110822602,10.392309798241094,9.764099634414448,11.083381714441668,-1.1016781499412067,-1.5820187430231343,-0.5740218093505733,0.00023163668811321259,False,exploratory (not declared; no multiplicity correction)
sensitivity/rho0.85,1000,DQN-ES,q-mixed[q=0.5],avg_privacy_risk,30,0.21469910937799455,0.2045615738574242,0.224702043044088,0.17325211367560264,0.16383889413713748,0.18251785127138068,0.041179758776231035,0.03194846965419236,0.05075805623656367,1.862645149230957e-08,False,exploratory (not declared; no multiplicity correction)
sensitivity/rho0.85,1000,DQN-ES,q-mixed[q=0.5],avg_privacy_risk_ss,30,0.2554856897484573,0.24276202813284561,0.2677029383364378,0.17558522685775496,0.16505323054527757,0.1851221404941887,0.08256018647656249,0.06816494333824526,0.09178350144439917,1.862645149230957e-09,False,exploratory (not declared; no multiplicity correction)
sensitivity/rho0.85,1000,DQN-ES,q-mixed[q=0.5],sla_violation_pct,30,0.9866666666666667,0.7133333333333333,1.306749999999999,1.4733333333333332,1.1866666666666668,1.7433333333333332,-0.5500000000000003,-0.8999999999999999,-0.19999999999999998,0.005936913192272186,False,exploratory (not declared; no multiplicity correction)
sensitivity/mmpp2,1000,DQN-ES,Random-K[K=3],avg_latency_ms,30,79.77437817730954,77.66874695612137,81.9992693469838,103.49102536751548,97.19764103462477,110.95893846930286,-21.577197808443415,-26.041299450875258,-16.83331148385801,3.725290298461914e-09,False,exploratory (not declared; no multiplicity correction)
sensitivity/mmpp2,1000,DQN-ES,Random-K[K=3],avg_energy_mj,30,8.340171053781544,7.92386857169081,8.813808521268943,13.100205327295571,11.983472757021929,14.4426733013022,-4.440907005419317,-5.306576510945745,-3.6293850767876217,9.313225746154785e-09,False,exploratory (not declared; no multiplicity correction)
sensitivity/mmpp2,1000,DQN-ES,Random-K[K=3],avg_privacy_risk,30,0.3224729908505607,0.3141957367990097,0.3304071868709314,0.23100803225122984,0.22252460202768948,0.23932307778411135,0.0916991454726645,0.08402015692287454,0.09843323668945701,1.862645149230957e-09,False,exploratory (not declared; no multiplicity correction)
sensitivity/mmpp2,1000,DQN-ES,Random-K[K=3],avg_privacy_risk_ss,30,0.3690764049716861,0.3601309481781235,0.37754022328237635,0.22785147790762353,0.21955652565867068,0.23563744569959785,0.14015069151003617,0.13218287837301812,0.14870090200386402,1.862645149230957e-09,False,exploratory (not declared; no multiplicity correction)
sensitivity/mmpp2,1000,DQN-ES,Random-K[K=3],sla_violation_pct,30,0.7000000000000001,0.5633333333333332,0.8333333333333334,2.7033333333333327,2.2233333333333336,3.1300000000000003,-2.15,-2.4499999999999997,-1.65,2.9802322387695312e-08,False,exploratory (not declared; no multiplicity correction)
sensitivity/mmpp2,1000,DQN-ES,ES-only,avg_latency_ms,30,79.77437817730954,77.6143350112322,81.97455212765747,70.752793425245,69.6576831887691,71.85826648971803,8.317670038829732,6.43271967198141,10.852959777759928,1.862645149230957e-09,False,exploratory (not declared; no multiplicity correction)
sensitivity/mmpp2,1000,DQN-ES,ES-only,avg_energy_mj,30,8.340171053781544,7.9251013737866005,8.795103054555938,6.410968733328753,6.283697250627305,6.538370898529304,1.7080903677876238,1.4040839579419058,2.178526720657477,1.862645149230957e-09,False,exploratory (not declared; no multiplicity correction)
sensitivity/mmpp2,1000,DQN-ES,ES-only,avg_privacy_risk,30,0.3224729908505607,0.3144482092593865,0.33040626579800564,0.3590440301948576,0.34729843023553053,0.37116733028824594,-0.03362197229618255,-0.043496333581457824,-0.027089003384835303,1.862645149230957e-09,False,exploratory (not declared; no multiplicity correction)
sensitivity/mmpp2,1000,DQN-ES,ES-only,avg_privacy_risk_ss,30,0.3690764049716861,0.35997308329129757,0.3776340211962332,0.38691909449400097,0.3742573965487296,0.398841892743078,-0.0181322076947531,-0.025722062884462715,-0.009292844852754306,0.00013739429414272308,False,exploratory (not declared; no multiplicity correction)
sensitivity/mmpp2,1000,DQN-ES,ES-only,sla_violation_pct,30,0.7000000000000001,0.5600000000000002,0.83,0.1633333333333333,0.10000000000000002,0.22666666666666666,0.5499999999999999,0.4,0.7,1.1920928955078125e-07,False,exploratory (not declared; no multiplicity correction)
sensitivity/mmpp2,1000,DQN-ES,Static-Tier,avg_latency_ms,30,79.77437817730954,77.60881950422264,82.04944309975104,146.35718472488477,144.29158798543506,148.5254136083619,-66.50116607028284,-69.00998793314861,-64.17301275743554,1.862645149230957e-09,False,exploratory (not declared; no multiplicity correction)
sensitivity/mmpp2,1000,DQN-ES,Static-Tier,avg_energy_mj,30,8.340171053781544,7.930165724203102,8.809086863748552,6.318885055625206,6.224716937802759,6.417386333611456,1.853449538961927,1.4624312464814553,2.358087638851054,1.862645149230957e-09,False,exploratory (not declared; no multiplicity correction)
sensitivity/mmpp2,1000,DQN-ES,Static-Tier,avg_privacy_risk,30,0.3224729908505607,0.3142144520477554,0.3303389658837057,0.16942188943802117,0.16687961767526355,0.17200317363475115,0.1544931975297466,0.14265896473885317,0.16429179057781843,1.862645149230957e-09,False,exploratory (not declared; no multiplicity correction)
sensitivity/mmpp2,1000,DQN-ES,Static-Tier,avg_privacy_risk_ss,30,0.3690764049716861,0.3602028778736563,0.37744774101475953,0.16801146464589675,0.16365634166879234,0.17267372420159877,0.20236338921304903,0.19147547137762855,0.21283470246265432,1.862645149230957e-09,False,exploratory (not declared; no multiplicity correction)
sensitivity/mmpp2,1000,DQN-ES,Static-Tier,sla_violation_pct,30,0.7000000000000001,0.5633333333333332,0.8300000000000001,0.23333333333333336,0.15333333333333335,0.3333333333333333,0.5,0.30000000000000004,0.6499999999999999,2.8274953365325928e-06,False,exploratory (not declared; no multiplicity correction)
sensitivity/mmpp2,1000,DQN-ES,q-mixed[q=0.5],avg_latency_ms,30,79.77437817730954,77.7066132346432,82.05636208139408,86.94802059429203,83.5692721090778,90.65848941179205,-7.0790327315333315,-9.79820297796698,-4.735730234352786,2.366676926612854e-05,False,exploratory (not declared; no multiplicity correction)
sensitivity/mmpp2,1000,DQN-ES,q-mixed[q=0.5],avg_energy_mj,30,8.340171053781544,7.93862638393666,8.789626522256512,9.738410791380886,9.13532465832655,10.409868882286723,-1.470145663452115,-1.948564556499199,-1.0343897118120946,2.6885420083999634e-05,False,exploratory (not declared; no multiplicity correction)
sensitivity/mmpp2,1000,DQN-ES,q-mixed[q=0.5],avg_privacy_risk,30,0.3224729908505607,0.31431578484938677,0.3305658170164507,0.28122697884998554,0.27178035711062243,0.29009324716704554,0.04216429836749333,0.0353133469513465,0.04877149077170301,3.725290298461914e-09,False,exploratory (not declared; no multiplicity correction)
sensitivity/mmpp2,1000,DQN-ES,q-mixed[q=0.5],avg_privacy_risk_ss,30,0.3690764049716861,0.36023133492138176,0.3773975284848575,0.29030400612357127,0.2802287703249237,0.29908682377690887,0.07956918096426452,0.07141170286377793,0.08623745040838018,1.862645149230957e-09,False,exploratory (not declared; no multiplicity correction)
sensitivity/mmpp2,1000,DQN-ES,q-mixed[q=0.5],sla_violation_pct,30,0.7000000000000001,0.5633333333333332,0.8333333333333333,1.4300000000000002,1.146666666666667,1.7034166666666657,-0.75,-0.9500000000000002,-0.5,2.5331974029541016e-06,False,exploratory (not declared; no multiplicity correction)
sensitivity/mmpp2_rho0.3,1000,DQN-ES,Random-K[K=3],avg_latency_ms,30,84.77262012850582,82.25649180756247,87.46307012717067,107.21354180661066,100.92361448440349,114.78452967124102,-20.191989084400596,-25.38455790133574,-15.369138035076418,5.587935447692871e-09,False,exploratory (not declared; no multiplicity correction)
sensitivity/mmpp2_rho0.3,1000,DQN-ES,Random-K[K=3],avg_energy_mj,30,8.74222547669956,8.300970953386845,9.244320131292584,13.305598957857075,12.195068179683506,14.63768513490719,-4.205447038958584,-5.132118386372485,-3.4233468264334537,1.30385160446167e-08,False,exploratory (not declared; no multiplicity correction)
sensitivity/mmpp2_rho0.3,1000,DQN-ES,Random-K[K=3],avg_privacy_risk,30,0.2778018036735484,0.26685550519752943,0.28829907522349557,0.19200216408390725,0.18257708114600074,0.20081169223368794,0.08591439073571269,0.07768226134803284,0.0963114630621191,1.862645149230957e-09,False,exploratory (not declared; no multiplicity correction)
sensitivity/mmpp2_rho0.3,1000,DQN-ES,Random-K[K=3],avg_privacy_risk_ss,30,0.32173319963549846,0.30963323969296763,0.3332967503813143,0.18703690053220953,0.1773453798686457,0.1962192452786294,0.13355134722905762,0.12412696154128702,0.1440265244980546,1.862645149230957e-09,False,exploratory (not declared; no multiplicity correction)
sensitivity/mmpp2_rho0.3,1000,DQN-ES,Random-K[K=3],sla_violation_pct,30,0.8300000000000002,0.6466666666666666,1.0433333333333334,2.766666666666666,2.289916666666667,3.1966666666666668,-2.1,-2.4000000000000004,-1.4999999999999998,1.0058283805847168e-07,False,exploratory (not declared; no multiplicity correction)
sensitivity/mmpp2_rho0.3,1000,DQN-ES,ES-only,avg_latency_ms,30,84.77262012850582,82.19791853087159,87.4546587715798,74.75551498341976,73.32364753029137,76.31488037511745,9.481562284685097,6.961641573859936,12.53392978909855,1.862645149230957e-09,False,exploratory (not declared; no multiplicity correction)
sensitivity/mmpp2_rho0.3,1000,DQN-ES,ES-only,avg_energy_mj,30,8.74222547669956,8.29526143505111,9.231824975685567,6.708147784653908,6.558760224094115,6.861715516072533,1.8124520753572528,1.4164004767228042,2.423831947348139,1.862645149230957e-09,False,exploratory (not declared; no multiplicity correction)
sensitivity/mmpp2_rho0.3,1000,DQN-ES,ES-only,avg_privacy_risk,30,0.2778018036735484,0.26721129462476406,0.2884029845693964,0.3197067155522096,0.3055334554709857,0.33362506337993497,-0.03971682206879609,-0.05110790944444232,-0.03070746211506839,1.862645149230957e-09,False,exploratory (not declared; no multiplicity correction)
sensitivity/mmpp2_rho0.3,1000,DQN-ES,ES-only,avg_privacy_risk_ss,30,0.32173319963549846,0.3094788108813658,0.3334028279920953,0.34644148381969814,0.3305046248427638,0.36163411719238286,-0.023840784181708707,-0.03421687815745281,-0.012867760674024564,4.4075772166252136e-05,False,exploratory (not declared; no multiplicity correction)
sensitivity/mmpp2_rho0.3,1000,DQN-ES,ES-only,sla_violation_pct,30,0.8300000000000002,0.6466666666666666,1.0433333333333332,0.22000000000000003,0.13333333333333333,0.32,0.6,0.44999999999999996,0.75,1.8998980522155762e-07,False,exploratory (not declared; no multiplicity correction)
sensitivity/mmpp2_rho0.3,1000,DQN-ES,Static-Tier,avg_latency_ms,30,84.77262012850582,82.20636648801684,87.40885764929186,158.33135490247304,154.9609839470975,161.85678932511593,-73.29785135163519,-76.83208420014606,-70.07227001541375,1.862645149230957e-09,False,exploratory (not declared; no multiplicity correction)
sensitivity/mmpp2_rho0.3,1000,DQN-ES,Static-Tier,avg_energy_mj,30,8.74222547669956,8.294784062914903,9.218266519546027,6.536078360152287,6.413068436958566,6.662637697579985,2.0238230480639032,1.6014221939268776,2.5904506055889933,1.862645149230957e-09,False,exploratory (not declared; no multiplicity correction)
sensitivity/mmpp2_rho0.3,1000,DQN-ES,Static-Tier,avg_privacy_risk,30,0.2778018036735484,0.26717276766513653,0.28849068607095324,0.16942188943802117,0.1669174006958771,0.17203147660230872,0.10920216108473342,0.09642956055818236,0.12087766306032854,1.862645149230957e-09,False,exploratory (not declared; no multiplicity correction)
sensitivity/mmpp2_rho0.3,1000,DQN-ES,Static-Tier,avg_privacy_risk_ss,30,0.32173319963549846,0.3095319476865556,0.33361328979871496,0.16801146464589675,0.16360467517668836,0.1726109534368705,0.15697766004178898,0.1430558993772156,0.16995584687171722,1.862645149230957e-09,False,exploratory (not declared; no multiplicity correction)
sensitivity/mmpp2_rho0.3,1000,DQN-ES,Static-Tier,sla_violation_pct,30,0.8300000000000002,0.6466666666666666,1.0433333333333334,0.9099999999999999,0.6166666666666667,1.2533333333333334,0.0,-0.35,0.25,0.924066573381424,False,exploratory (not declared; no multiplicity correction)
sensitivity/mmpp2_rho0.3,1000,DQN-ES,q-mixed[q=0.5],avg_latency_ms,30,84.77262012850582,82.20542642779748,87.50438012732197,90.59148790679463,87.0832388759823,94.5070119717435,-5.872143152017827,-8.635831703746547,-3.0804778093281513,0.0008718203753232956,False,exploratory (not declared; no multiplicity correction)
sensitivity/mmpp2_rho0.3,1000,DQN-ES,q-mixed[q=0.5],avg_energy_mj,30,8.74222547669956,8.296942828384985,9.20585491473055,9.988981326062687,9.377886546587716,10.691430750647063,-1.3188563442780703,-1.8196410494951842,-0.8261010367336539,0.00013739429414272308,False,exploratory (not declared; no multiplicity correction)
sensitivity/mmpp2_rho0.3,1000,DQN-ES,q-mixed[q=0.5],avg_privacy_risk,30,0.2778018036735484,0.2667101396196784,0.2881881310042048,0.23809721495582412,0.22688442922927643,0.24888967419108302,0.041222184782757715,0.032214901288013034,0.04836814335934049,3.5390257835388184e-08,False,exploratory (not declared; no multiplicity correction)
sensitivity/mmpp2_rho0.3,1000,DQN-ES,q-mixed[q=0.5],avg_privacy_risk_ss,30,0.32173319963549846,0.3094431574351385,0.3334547639834377,0.2459571070975277,0.2348216559430674,0.25599241334667383,0.07742684572152689,0.06821471167579861,0.08612466120711151,1.862645149230957e-09,False,exploratory (not declared; no multiplicity correction)
sensitivity/mmpp2_rho0.3,1000,DQN-ES,q-mixed[q=0.5],sla_violation_pct,30,0.8300000000000002,0.6466666666666667,1.0366666666666666,1.4566666666666668,1.1733333333333333,1.7399999999999998,-0.65,-0.95,-0.4,0.00022301077842712402,False,exploratory (not declared; no multiplicity correction)
sensitivity/mmpp2_rho0.6,1000,DQN-ES,Random-K[K=3],avg_latency_ms,30,94.88857553375539,90.79804671227662,99.71482554481878,113.64644861338691,107.20115896426624,121.01191956279943,-16.905450258429767,-22.93826409928808,-11.261606634483194,1.6838312149047852e-06,False,exploratory (not declared; no multiplicity correction)
sensitivity/mmpp2_rho0.6,1000,DQN-ES,Random-K[K=3],avg_energy_mj,30,9.513389850063906,8.95184180832298,10.158374857353222,13.685122976475917,12.580465450013655,15.0180743254686,-4.0029912761284185,-4.882843798655441,-3.001754258112829,1.30385160446167e-07,False,exploratory (not declared; no multiplicity correction)
sensitivity/mmpp2_rho0.6,1000,DQN-ES,Random-K[K=3],avg_privacy_risk,30,0.22937702380488448,0.21808775153193685,0.24007731642363497,0.14613550123473426,0.1366158029372596,0.15540167110785102,0.0829872471721838,0.07557648386018863,0.09260903932242658,1.862645149230957e-09,False,exploratory (not declared; no multiplicity correction)
sensitivity/mmpp2_rho0.6,1000,DQN-ES,Random-K[K=3],avg_privacy_risk_ss,30,0.2742883677256018,0.2622257030431347,0.28586495874520623,0.13628270851375685,0.12631373779564606,0.14609236932423147,0.13783722485161465,0.12764111556554508,0.1467522171191845,1.862645149230957e-09,False,exploratory (not declared; no multiplicity correction)
sensitivity/mmpp2_rho0.6,1000,DQN-ES,Random-K[K=3],sla_violation_pct,30,1.2899999999999998,0.8900000000000001,1.7633333333333332,2.9266666666666663,2.433333333333333,3.36,-1.75,-2.3,-1.0999999999999999,2.3134052753448486e-06,False,exploratory (not declared; no multiplicity correction)
sensitivity/mmpp2_rho0.6,1000,DQN-ES,ES-only,avg_latency_ms,30,94.88857553375539,90.87301902240107,99.48254650559556,81.81944087955516,80.09883803900637,83.64602345457263,11.584373562688718,7.913949091101073,16.4728753591669,1.862645149230957e-09,False,exploratory (not declared; no multiplicity correction)
sensitivity/mmpp2_rho0.6,1000,DQN-ES,ES-only,avg_energy_mj,30,9.513389850063906,8.965355353897477,10.137297359023348,7.2304578117616245,7.063754812713179,7.409033770693555,2.016799178713544,1.5406802570388662,2.7352951665063436,1.862645149230957e-09,False,exploratory (not declared; no multiplicity correction)
sensitivity/mmpp2_rho0.6,1000,DQN-ES,ES-only,avg_privacy_risk,30,0.22937702380488448,0.21824809149926913,0.24026567516138936,0.2696479229060807,0.25273558199372764,0.28597158354939295,-0.039856365131304944,-0.05361382892072129,-0.028433139440300154,8.326023817062378e-07,False,exploratory (not declared; no multiplicity correction)
sensitivity/mmpp2_rho0.6,1000,DQN-ES,ES-only,avg_privacy_risk_ss,30,0.2742883677256018,0.2620595225378363,0.28573951189320457,0.2935686402836773,0.27525275106768793,0.3106854727684691,-0.019856518940832457,-0.033282463743098206,-0.007301920695058223,0.003475155681371689,False,exploratory (not declared; no multiplicity correction)
sensitivity/mmpp2_rho0.6,1000,DQN-ES,ES-only,sla_violation_pct,30,1.2899999999999998,0.8766666666666667,1.78,0.4200000000000001,0.2866666666666667,0.5833333333333334,0.6,0.4,0.8500000000000001,1.4901161193847656e-07,False,exploratory (not declared; no multiplicity correction)
sensitivity/mmpp2_rho0.6,1000,DQN-ES,Static-Tier,avg_latency_ms,30,94.88857553375539,90.75453925856621,99.4979001086651,182.52278373779546,176.5242841706376,188.81997205244258,-87.16102998404853,-92.64325345588637,-81.47368852020892,1.862645149230957e-09,False,exploratory (not declared; no multiplicity correction)
sensitivity/mmpp2_rho0.6,1000,DQN-ES,Static-Tier,avg_energy_mj,30,9.513389850063906,8.942940843633904,10.115212621324906,7.0150897689179255,6.829596019114218,7.215465439086859,2.28691402006296,1.6970207122657053,2.9762791564763895,1.862645149230957e-09,False,exploratory (not declared; no multiplicity correction)
sensitivity/mmpp2_rho0.6,1000,DQN-ES,Static-Tier,avg_privacy_risk,30,0.22937702380488448,0.21785448956162395,0.24038185769319467,0.16942188943802117,0.16690415769068584,0.17203393669970632,0.06029367108652266,0.04700149416494728,0.07227386086139877,9.313225746154785e-09,False,exploratory (not declared; no multiplicity correction)
sensitivity/mmpp2_rho0.6,1000,DQN-ES,Static-Tier,avg_privacy_risk_ss,30,0.2742883677256018,0.2621263379920519,0.28611643401980236,0.16801146464589675,0.1635385708648125,0.17259622557966586,0.10746763216247682,0.09332788270675367,0.1214413643155414,1.862645149230957e-09,False,exploratory (not declared; no multiplicity correction)
sensitivity/mmpp2_rho0.6,1000,DQN-ES,Static-Tier,sla_violation_pct,30,1.2899999999999998,0.8933333333333333,1.76,2.6833333333333327,2.04,3.4,-1.3,-1.9500000000000002,-0.6000000000000002,0.00010605156421661377,False,exploratory (not declared; no multiplicity correction)
sensitivity/mmpp2_rho0.6,1000,DQN-ES,q-mixed[q=0.5],avg_latency_ms,30,94.88857553375539,90.72721999316687,99.58154347666557,97.33098821803334,93.58965257378169,101.37251979907236,-3.9497313864045154,-7.2425656507883645,1.0175656331796077,0.11417667381465435,False,exploratory (not declared; no multiplicity correction)
sensitivity/mmpp2_rho0.6,1000,DQN-ES,q-mixed[q=0.5],avg_energy_mj,30,9.513389850063906,8.955626048742564,10.139515659009769,10.46366813239418,9.854210115670643,11.155823486997908,-1.1696035245309853,-1.6991880957882635,-0.5012685049505716,0.007612137123942375,False,exploratory (not declared; no multiplicity correction)
sensitivity/mmpp2_rho0.6,1000,DQN-ES,q-mixed[q=0.5],avg_privacy_risk,30,0.22937702380488448,0.21811984720575864,0.24009224784745048,0.18645555749947756,0.17559797700495236,0.19669337439408327,0.04323759302516374,0.034321383847608675,0.05034168343377346,1.862645149230957e-09,False,exploratory (not declared; no multiplicity correction)
sensitivity/mmpp2_rho0.6,1000,DQN-ES,q-mixed[q=0.5],avg_privacy_risk_ss,30,0.2742883677256018,0.2624365419478815,0.2858001341881001,0.18860011436794408,0.17749587247715168,0.1988569780188737,0.08627760533817459,0.07722576487046093,0.09507929301736379,1.862645149230957e-09,False,exploratory (not declared; no multiplicity correction)
sensitivity/mmpp2_rho0.6,1000,DQN-ES,q-mixed[q=0.5],sla_violation_pct,30,1.2899999999999998,0.89,1.77,1.6233333333333335,1.2933333333333332,1.9600000000000002,-0.5499999999999999,-0.8999999999999999,-0.09999999999999992,0.03675198554992676,False,exploratory (not declared; no multiplicity correction)
sensitivity/mmpp2_rho0.85,1000,DQN-ES,Random-K[K=3],avg_latency_ms,30,104.46581621841918,98.77753470402743,111.35758121382344,119.4996176443823,112.80282073374701,126.94770155372971,-13.844606794172641,-20.82597448240169,-7.185222115834954,0.00046010687947273254,False,exploratory (not declared; no multiplicity correction)
sensitivity/mmpp2_rho0.85,1000,DQN-ES,Random-K[K=3],avg_energy_mj,30,10.140760402707809,9.521302266911771,10.795845737795354,14.004210072422927,12.890082163853833,15.362689832302033,-3.5980473279481116,-4.575385542413499,-2.635526895263059,3.855675458908081e-07,False,exploratory (not declared; no multiplicity correction)
sensitivity/mmpp2_rho0.85,1000,DQN-ES,Random-K[K=3],avg_privacy_risk,30,0.19931902646057917,0.18703568758822114,0.21128325436655,0.12029014485600127,0.11186094699901883,0.12860457492933397,0.08071396692569749,0.07029149844651826,0.09077932847906098,1.862645149230957e-09,False,exploratory (not declared; no multiplicity correction)
sensitivity/mmpp2_rho0.85,1000,DQN-ES,Random-K[K=3],avg_privacy_risk_ss,30,0.23541183964672951,0.22004350151678373,0.24987759288681086,0.10744813033534531,0.09850983899886412,0.11589768255156802,0.13082909585232727,0.11814311882315351,0.14112427666988128,1.862645149230957e-09,False,exploratory (not declared; no multiplicity correction)
sensitivity/mmpp2_rho0.85,1000,DQN-ES,Random-K[K=3],sla_violation_pct,30,1.783333333333333,1.1466666666666667,2.5566666666666666,3.106666666666667,2.606583333333334,3.5533333333333337,-1.5999999999999999,-2.2,-0.8999999999999999,0.0017242431640625,False,exploratory (not declared; no multiplicity correction)
sensitivity/mmpp2_rho0.85,1000,DQN-ES,ES-only,avg_latency_ms,30,104.46581621841918,98.70929997201965,111.27898083334318,88.18759985444899,86.17796075468527,90.24464310796036,12.53679527269086,9.046443526437002,19.211261321128262,1.862645149230957e-09,False,exploratory (not declared; no multiplicity correction)
sensitivity/mmpp2_rho0.85,1000,DQN-ES,ES-only,avg_energy_mj,30,10.140760402707809,9.529892487820602,10.789313018248526,7.7336058297181784,7.553434514828149,7.926411673325632,2.2374079227534045,1.6159078778140916,3.0077828966688926,1.862645149230957e-09,False,exploratory (not declared; no multiplicity correction)
sensitivity/mmpp2_rho0.85,1000,DQN-ES,ES-only,avg_privacy_risk,30,0.19931902646057917,0.1872200926367947,0.21110581355764732,0.23197402203398984,0.21602199750326126,0.24810819334025314,-0.031880554853472826,-0.04532729280880006,-0.01757558525759352,1.218356192111969e-05,False,exploratory (not declared; no multiplicity correction)
sensitivity/mmpp2_rho0.85,1000,DQN-ES,ES-only,avg_privacy_risk_ss,30,0.23541183964672951,0.21967186999972607,0.2500602537679232,0.2541410469442629,0.23645236871445555,0.2712122261258561,-0.01712360107808268,-0.032114934210371884,-0.0032559394864896396,0.017453668639063835,False,exploratory (not declared; no multiplicity correction)
sensitivity/mmpp2_rho0.85,1000,DQN-ES,ES-only,sla_violation_pct,30,1.783333333333333,1.1366666666666667,2.5600000000000005,0.6200000000000002,0.45,0.82,0.7,0.4000000000000001,1.3,3.0677765607833862e-06,False,exploratory (not declared; no multiplicity correction)
sensitivity/mmpp2_rho0.85,1000,DQN-ES,Static-Tier,avg_latency_ms,30,104.46581621841918,98.80523783844373,111.33644641682608,210.17608185595157,200.5738581194871,220.4933221808531,-104.86992785880992,-113.591163771585,-96.28631832911485,1.862645149230957e-09,False,exploratory (not declared; no multiplicity correction)
sensitivity/mmpp2_rho0.85,1000,DQN-ES,Static-Tier,avg_energy_mj,30,10.140760402707809,9.522535794807537,10.804305432382268,7.6519978405837445,7.347311049550953,7.9970853160033215,2.3894921859826717,1.7206941552188226,3.0773772162097965,3.725290298461914e-09,False,exploratory (not declared; no multiplicity correction)
sensitivity/mmpp2_rho0.85,1000,DQN-ES,Static-Tier,avg_privacy_risk,30,0.19931902646057917,0.18672456633045514,0.21136171626091865,0.16942188943802117,0.16691207420780618,0.1720770686072589,0.032267335486307794,0.017815291121584892,0.04409081683941003,0.00018860027194023132,False,exploratory (not declared; no multiplicity correction)
sensitivity/mmpp2_rho0.85,1000,DQN-ES,Static-Tier,avg_privacy_risk_ss,30,0.23541183964672951,0.21982007268581782,0.24947662432796017,0.16801146464589675,0.16359997155356995,0.172719941019132,0.07111755577103428,0.05444823584085884,0.08589472808550222,2.551823854446411e-07,False,exploratory (not declared; no multiplicity correction)
sensitivity/mmpp2_rho0.85,1000,DQN-ES,Static-Tier,sla_violation_pct,30,1.783333333333333,1.1433333333333335,2.546666666666667,4.916666666666667,3.9366666666666665,5.996666666666666,-3.0500000000000003,-4.1,-2.0999999999999996,9.424984455108643e-07,False,exploratory (not declared; no multiplicity correction)
sensitivity/mmpp2_rho0.85,1000,DQN-ES,q-mixed[q=0.5],avg_latency_ms,30,104.46581621841918,98.65741617077131,111.38275477708333,102.99700341047316,99.05735300043447,107.26849862082709,-0.700338358661142,-4.751500575087711,4.650906135572517,0.7921590935438871,False,exploratory (not declared; no multiplicity correction)
sensitivity/mmpp2_rho0.85,1000,DQN-ES,q-mixed[q=0.5],avg_energy_mj,30,10.140760402707809,9.534092201514992,10.790549319091689,10.82086270921093,10.209543389183757,11.484464903498925,-0.9029047659285556,-1.4706410727181876,0.06265762832017874,0.08406547829508781,False,exploratory (not declared; no multiplicity correction)
sensitivity/mmpp2_rho0.85,1000,DQN-ES,q-mixed[q=0.5],avg_privacy_risk,30,0.19931902646057917,0.18685501452653946,0.21097987669946283,0.15562072062089347,0.1454289160232332,0.16547728287723304,0.043985850050024464,0.03454498606169752,0.05280009379667697,5.587935447692871e-09,False,exploratory (not declared; no multiplicity correction)
sensitivity/mmpp2_rho0.85,1000,DQN-ES,q-mixed[q=0.5],avg_privacy_risk_ss,30,0.23541183964672951,0.21997067299080864,0.24964795050222197,0.1541113354356721,0.14353855502169,0.16373924491132102,0.08276631110342579,0.0722398446901128,0.09340224176617291,1.862645149230957e-09,False,exploratory (not declared; no multiplicity correction)
sensitivity/mmpp2_rho0.85,1000,DQN-ES,q-mixed[q=0.5],sla_violation_pct,30,1.783333333333333,1.1533333333333333,2.5466666666666664,1.7866666666666666,1.4166666666666667,2.1899999999999995,-0.39999999999999997,-0.8,0.14999999999999997,0.19136719405651093,False,exploratory (not declared; no multiplicity correction)
sensitivity/cin0.05,1000,DQN-ES,Random-K[K=3],avg_latency_ms,30,77.14185387517402,75.23212251120468,79.22922370821506,102.05254644939262,95.93106598551844,109.5173782209319,-22.266244589750144,-27.051523171849595,-18.23162414074097,1.862645149230957e-09,False,exploratory (not declared; no multiplicity correction)
sensitivity/cin0.05,1000,DQN-ES,Random-K[K=3],avg_energy_mj,30,8.003851061625063,7.669802490696561,8.351416688641748,13.03807540462568,11.911626227450066,14.422175996627946,-4.570915836237066,-5.419828826935072,-3.831905776518261,1.862645149230957e-09,False,exploratory (not declared; no multiplicity correction)
sensitivity/cin0.05,1000,DQN-ES,Random-K[K=3],avg_privacy_risk,30,0.34214977166310157,0.3349154461861208,0.34935310532299835,0.2556989634618973,0.24943147406037916,0.26198743875633124,0.08644924828723873,0.08118502333913571,0.09257260478707843,1.862645149230957e-09,False,exploratory (not declared; no multiplicity correction)
sensitivity/cin0.05,1000,DQN-ES,Random-K[K=3],avg_privacy_risk_ss,30,0.3894376456958037,0.38235706066246766,0.39654976393363545,0.252177382991363,0.24517452829340808,0.2587171705170246,0.13715945873743798,0.12884355321254404,0.14530378029918764,1.862645149230957e-09,False,exploratory (not declared; no multiplicity correction)
sensitivity/cin0.05,1000,DQN-ES,Random-K[K=3],sla_violation_pct,30,0.7166666666666668,0.58,0.8466666666666668,2.696666666666666,2.2133333333333334,3.13,-2.15,-2.4000000000000004,-1.6,7.450580596923828e-08,False,exploratory (not declared; no multiplicity correction)
sensitivity/cin0.05,1000,DQN-ES,ES-only,avg_latency_ms,30,77.14185387517402,75.18843777112262,79.22712793029297,68.80040046364098,67.81974953260672,69.77983291504117,7.728925510437577,6.236957530779478,9.48709185728594,1.862645149230957e-09,False,exploratory (not declared; no multiplicity correction)
sensitivity/cin0.05,1000,DQN-ES,ES-only,avg_energy_mj,30,8.003851061625063,7.674139753209848,8.347523453603475,6.270610919051043,6.144466117055532,6.391914640246263,1.6171472231505701,1.3546900975626461,1.9738808763968243,1.862645149230957e-09,False,exploratory (not declared; no multiplicity correction)
sensitivity/cin0.05,1000,DQN-ES,ES-only,avg_privacy_risk,30,0.34214977166310157,0.3351688724526485,0.3493784665310422,0.3833954055338205,0.3732430008862904,0.39381296017941947,-0.03951492299566789,-0.049548678499533344,-0.03158153015151141,1.862645149230957e-09,False,exploratory (not declared; no multiplicity correction)
sensitivity/cin0.05,1000,DQN-ES,ES-only,avg_privacy_risk_ss,30,0.3894376456958037,0.3822611400148152,0.39637509797259457,0.4104246391669212,0.4013672897201253,0.4194730747838002,-0.021067596577797026,-0.028787675814846703,-0.013552116556351801,1.0609626770019531e-05,False,exploratory (not declared; no multiplicity correction)
sensitivity/cin0.05,1000,DQN-ES,ES-only,sla_violation_pct,30,0.7166666666666668,0.5866666666666666,0.8466666666666668,0.15666666666666668,0.1,0.21666666666666665,0.55,0.4,0.7000000000000001,5.960464477539063e-08,False,exploratory (not declared; no multiplicity correction)
sensitivity/cin0.05,1000,DQN-ES,Static-Tier,avg_latency_ms,30,77.14185387517402,75.22164008286956,79.21706886187026,141.63618815719275,139.95935589294285,143.28063790316716,-64.96864657418038,-66.99841460529609,-62.628030511511525,1.862645149230957e-09,False,exploratory (not declared; no multiplicity correction)
sensitivity/cin0.05,1000,DQN-ES,Static-Tier,avg_energy_mj,30,8.003851061625063,7.672739692497855,8.361515809903059,6.237934629258036,6.151500723074759,6.326979113150099,1.6752268904231604,1.3606136955590715,2.0714466187359366,1.862645149230957e-09,False,exploratory (not declared; no multiplicity correction)
sensitivity/cin0.05,1000,DQN-ES,Static-Tier,avg_privacy_risk,30,0.34214977166310157,0.33513754948978725,0.34928878985585393,0.16942188943802117,0.1668654162142389,0.17204229421849895,0.17362562678844035,0.1633219331884712,0.181133899828795,1.862645149230957e-09,False,exploratory (not declared; no multiplicity correction)
sensitivity/cin0.05,1000,DQN-ES,Static-Tier,avg_privacy_risk_ss,30,0.3894376456958037,0.3822194147093959,0.3964380077730493,0.16801146464589675,0.16365918589823694,0.17273656053676453,0.2223119189289462,0.21340111684849866,0.23100895287053452,1.862645149230957e-09,False,exploratory (not declared; no multiplicity correction)
sensitivity/cin0.05,1000,DQN-ES,Static-Tier,sla_violation_pct,30,0.7166666666666668,0.58,0.8434166666666656,0.07666666666666667,0.04666666666666667,0.11,0.7,0.5,0.8,7.450580596923828e-08,False,exploratory (not declared; no multiplicity correction)
sensitivity/cin0.05,1000,DQN-ES,q-mixed[q=0.5],avg_latency_ms,30,77.14185387517402,75.18071693209767,79.23543605480212,85.26214399276185,81.95448882573379,89.02173372103462,-7.645106721490308,-9.978144695121507,-5.6477233204273745,6.146728992462158e-08,False,exploratory (not declared; no multiplicity correction)
sensitivity/cin0.05,1000,DQN-ES,q-mixed[q=0.5],avg_energy_mj,30,8.003851061625063,7.676082961503184,8.355073964735865,9.634929660613093,9.01456124080389,10.318075312588912,-1.563037191975079,-1.9788787031810289,-1.2086273511139236,8.009374141693115e-08,False,exploratory (not declared; no multiplicity correction)
sensitivity/cin0.05,1000,DQN-ES,q-mixed[q=0.5],avg_privacy_risk,30,0.34214977166310157,0.33497736112392096,0.34932200264608715,0.30289411399326027,0.2956422911985775,0.3099190916661124,0.039140045560520365,0.03296238352784081,0.04517552968166594,3.725290298461914e-09,False,exploratory (not declared; no multiplicity correction)
sensitivity/cin0.05,1000,DQN-ES,q-mixed[q=0.5],avg_privacy_risk_ss,30,0.3894376456958037,0.3821623365229861,0.3963087518000148,0.3113424075077912,0.30454108573370214,0.3179327603771434,0.07885877517666692,0.07178437162910911,0.08502246231582117,1.862645149230957e-09,False,exploratory (not declared; no multiplicity correction)
sensitivity/cin0.05,1000,DQN-ES,q-mixed[q=0.5],sla_violation_pct,30,0.7166666666666668,0.5833333333333334,0.8466666666666668,1.4233333333333331,1.1533333333333333,1.6933333333333336,-0.75,-0.95,-0.49999999999999994,3.0994415283203125e-06,False,exploratory (not declared; no multiplicity correction)
sensitivity/cin0.1,1000,DQN-ES,Random-K[K=3],avg_latency_ms,30,77.66316096722777,75.5330032543979,79.96051617748157,102.10664821724482,95.9539532733123,109.731666082938,-21.894498281452663,-27.337789862569096,-18.080389205333205,3.725290298461914e-09,False,exploratory (not declared; no multiplicity correction)
sensitivity/cin0.1,1000,DQN-ES,Random-K[K=3],avg_energy_mj,30,8.162864806951397,7.745553505014611,8.636422222073772,13.050504756044075,11.900966089911176,14.412279657712105,-4.53996271435002,-5.454106366464984,-3.786844597361989,9.313225746154785e-09,False,exploratory (not declared; no multiplicity correction)
sensitivity/cin0.1,1000,DQN-ES,Random-K[K=3],avg_privacy_risk,30,0.34391641780513243,0.33676042468530515,0.35074695986714094,0.25519868182936767,0.2486734826347567,0.2614460851629271,0.08838206571534568,0.08232267247136142,0.09459505756994555,1.862645149230957e-09,False,exploratory (not declared; no multiplicity correction)
sensitivity/cin0.1,1000,DQN-ES,Random-K[K=3],avg_privacy_risk_ss,30,0.39015366680349906,0.3821764501447387,0.39802462744896,0.25179310003423283,0.24498269435420753,0.25849873233237736,0.13771382219396086,0.12965808171648327,0.1460222680658551,1.862645149230957e-09,False,exploratory (not declared; no multiplicity correction)
sensitivity/cin0.1,1000,DQN-ES,Random-K[K=3],sla_violation_pct,30,0.7066666666666667,0.5733333333333334,0.8333333333333334,2.6999999999999997,2.22,3.1266666666666665,-2.15,-2.4,-1.7,5.960464477539063e-08,False,exploratory (not declared; no multiplicity correction)
sensitivity/cin0.1,1000,DQN-ES,ES-only,avg_latency_ms,30,77.66316096722777,75.51308912249327,79.92375555050205,68.86558254611913,67.8336317786746,69.86696002157512,7.974271472293882,6.397302442161202,10.05726143782018,1.862645149230957e-09,False,exploratory (not declared; no multiplicity correction)
sensitivity/cin0.1,1000,DQN-ES,ES-only,avg_energy_mj,30,8.162864806951397,7.747368873684149,8.645611285102607,6.284289629393219,6.153118162338031,6.414775845016849,1.655632923569636,1.3484082997947429,2.1020307269001623,1.862645149230957e-09,False,exploratory (not declared; no multiplicity correction)
sensitivity/cin0.1,1000,DQN-ES,ES-only,avg_privacy_risk,30,0.34391641780513243,0.33678381026896703,0.3507705495469506,0.3841544504734472,0.3737022631805862,0.3945944269862251,-0.03797229017410153,-0.04760258491922795,-0.03101657495648036,1.862645149230957e-09,False,exploratory (not declared; no multiplicity correction)
sensitivity/cin0.1,1000,DQN-ES,ES-only,avg_privacy_risk_ss,30,0.39015366680349906,0.3822912605838965,0.39788574334109644,0.4111841517320551,0.40224528164439977,0.4199708793282845,-0.023123483381892018,-0.03018855519307162,-0.015171302735012965,2.0798295736312866e-05,False,exploratory (not declared; no multiplicity correction)
sensitivity/cin0.1,1000,DQN-ES,ES-only,sla_violation_pct,30,0.7066666666666667,0.5700000000000001,0.8366666666666667,0.1633333333333333,0.10333333333333335,0.22666666666666666,0.55,0.4,0.7,1.1920928955078125e-07,False,exploratory (not declared; no multiplicity correction)
sensitivity/cin0.1,1000,DQN-ES,Static-Tier,avg_latency_ms,30,77.66316096722777,75.53276059675191,80.00340214961852,141.63618815719275,139.99647082037134,143.28746235629163,-64.25784614679915,-66.2823927352033,-61.96344196176704,1.862645149230957e-09,False,exploratory (not declared; no multiplicity correction)
sensitivity/cin0.1,1000,DQN-ES,Static-Tier,avg_energy_mj,30,8.162864806951397,7.749698936339904,8.634025135928388,6.237934629258036,6.150891006993207,6.327484553068311,1.7367122807636202,1.3662713951841239,2.2744867375722446,1.862645149230957e-09,False,exploratory (not declared; no multiplicity correction)
sensitivity/cin0.1,1000,DQN-ES,Static-Tier,avg_privacy_risk,30,0.34391641780513243,0.336765829392398,0.35080532647530555,0.16942188943802117,0.1668892086939642,0.1720609136399662,0.17580385305713986,0.16539788859303126,0.18401426394194137,1.862645149230957e-09,False,exploratory (not declared; no multiplicity correction)
sensitivity/cin0.1,1000,DQN-ES,Static-Tier,avg_privacy_risk_ss,30,0.39015366680349906,0.38217881063763537,0.39774224748215803,0.16801146464589675,0.16355700849695987,0.17267070580197938,0.22239265454753376,0.21349777587089103,0.23121485714522694,1.862645149230957e-09,False,exploratory (not declared; no multiplicity correction)
sensitivity/cin0.1,1000,DQN-ES,Static-Tier,sla_violation_pct,30,0.7066666666666667,0.5732500000000008,0.8333333333333334,0.07666666666666667,0.04666666666666667,0.11000000000000001,0.65,0.5,0.8,7.450580596923828e-08,False,exploratory (not declared; no multiplicity correction)
sensitivity/cin0.1,1000,DQN-ES,q-mixed[q=0.5],avg_latency_ms,30,77.66316096722777,75.52769927447798,79.92822292606905,85.29356301959916,81.95564255827263,89.00755927166311,-7.6024157463129995,-9.90296006333213,-5.4792967561671375,5.144625902175903e-06,False,exploratory (not declared; no multiplicity correction)
sensitivity/cin0.1,1000,DQN-ES,q-mixed[q=0.5],avg_energy_mj,30,8.162864806951397,7.740657212235822,8.644016907979214,9.638726744189283,9.043837756449467,10.315419059576524,-1.5296921300562865,-1.9684997100151098,-1.150750670537903,1.0609626770019531e-05,False,exploratory (not declared; no multiplicity correction)
sensitivity/cin0.1,1000,DQN-ES,q-mixed[q=0.5],avg_privacy_risk,30,0.34391641780513243,0.33684051489640565,0.35082533338649086,0.3036550161553492,0.29639044879517973,0.3109904298250664,0.040965951424110386,0.03508258889593863,0.04666828652840052,3.725290298461914e-09,False,exploratory (not declared; no multiplicity correction)
sensitivity/cin0.1,1000,DQN-ES,q-mixed[q=0.5],avg_privacy_risk_ss,30,0.39015366680349906,0.38212231909760896,0.3980018614564688,0.31134465924506993,0.30450693074072793,0.3178674950972842,0.07809775787669657,0.07148821257615437,0.08435372514991465,1.862645149230957e-09,False,exploratory (not declared; no multiplicity correction)
sensitivity/cin0.1,1000,DQN-ES,q-mixed[q=0.5],sla_violation_pct,30,0.7066666666666667,0.5700000000000001,0.8366666666666667,1.4266666666666665,1.1465833333333342,1.6966666666666668,-0.75,-0.95,-0.49999999999999994,4.887580871582031e-06,False,exploratory (not declared; no multiplicity correction)
sensitivity/cin0.2,1000,DQN-ES,Random-K[K=3],avg_latency_ms,30,77.26110925417557,75.21434732092841,79.48613451612438,101.92803394450203,95.60973482079471,109.38111100792331,-22.1447520306439,-27.033139613763808,-18.03493513511976,3.725290298461914e-09,False,exploratory (not declared; no multiplicity correction)
sensitivity/cin0.2,1000,DQN-ES,Random-K[K=3],avg_energy_mj,30,8.087088765563431,7.685451146744043,8.552086591584143,13.02054029544423,11.886413644316258,14.399900904023575,-4.532912794785678,-5.468305878452074,-3.800406711212644,5.587935447692871e-09,False,exploratory (not declared; no multiplicity correction)
sensitivity/cin0.2,1000,DQN-ES,Random-K[K=3],avg_privacy_risk,30,0.3442633119981505,0.33713062924403425,0.35134359920242914,0.25594362151142025,0.249542274197923,0.26208321655692246,0.08791351657679448,0.08195931127432725,0.0936185562769476,1.862645149230957e-09,False,exploratory (not declared; no multiplicity correction)
sensitivity/cin0.2,1000,DQN-ES,Random-K[K=3],avg_privacy_risk_ss,30,0.39063574971115933,0.38275177520807774,0.39855956243607976,0.2515380943510939,0.24498165875136785,0.25777032628588914,0.13806040522191648,0.13093445128124653,0.14484968735551002,1.862645149230957e-09,False,exploratory (not declared; no multiplicity correction)
sensitivity/cin0.2,1000,DQN-ES,Random-K[K=3],sla_violation_pct,30,0.6900000000000001,0.55,0.8266666666666667,2.683333333333333,2.203333333333333,3.1000833333333326,-2.15,-2.4,-1.65,2.9802322387695312e-08,False,exploratory (not declared; no multiplicity correction)
sensitivity/cin0.2,1000,DQN-ES,ES-only,avg_latency_ms,30,77.26110925417557,75.21607448103477,79.46262972785566,68.50874485070277,67.48913247302636,69.52811977508578,7.889952600351897,6.198302660203488,10.208539169203425,1.862645149230957e-09,False,exploratory (not declared; no multiplicity correction)
sensitivity/cin0.2,1000,DQN-ES,ES-only,avg_energy_mj,30,8.087088765563431,7.688397203723111,8.55184865270252,6.237328554793639,6.104529283983919,6.3723890771501575,1.6202111127040526,1.32201554498402,2.0535621484734508,1.862645149230957e-09,False,exploratory (not declared; no multiplicity correction)
sensitivity/cin0.2,1000,DQN-ES,ES-only,avg_privacy_risk,30,0.3442633119981505,0.3370334933898725,0.3514462110076915,0.38762098040963794,0.37677957208459234,0.39853996764248656,-0.0408404132038144,-0.051785457740624624,-0.03360869492959903,1.862645149230957e-09,False,exploratory (not declared; no multiplicity correction)
sensitivity/cin0.2,1000,DQN-ES,ES-only,avg_privacy_risk_ss,30,0.39063574971115933,0.38295135149794646,0.3984377929509163,0.41178634198974545,0.40308818932745955,0.42012769818237317,-0.023184224725215752,-0.0296962623160747,-0.0164279572925351,1.218356192111969e-05,False,exploratory (not declared; no multiplicity correction)
sensitivity/cin0.2,1000,DQN-ES,ES-only,sla_violation_pct,30,0.6900000000000001,0.55,0.8300000000000001,0.13333333333333333,0.07666666666666667,0.19333333333333336,0.6,0.4,0.7000000000000001,5.960464477539063e-08,False,exploratory (not declared; no multiplicity correction)
sensitivity/cin0.2,1000,DQN-ES,Static-Tier,avg_latency_ms,30,77.26110925417557,75.21004606596969,79.46116375337785,141.63618815719275,140.01447476985606,143.2746395374808,-64.52667968991852,-66.54609825637482,-62.49947274832206,1.862645149230957e-09,False,exploratory (not declared; no multiplicity correction)
sensitivity/cin0.2,1000,DQN-ES,Static-Tier,avg_energy_mj,30,8.087088765563431,7.682247678336136,8.544040646154233,6.237934629258036,6.152510474856631,6.325005370646498,1.649744909263267,1.3390974553960358,2.110945807446645,1.862645149230957e-09,False,exploratory (not declared; no multiplicity correction)
sensitivity/cin0.2,1000,DQN-ES,Static-Tier,avg_privacy_risk,30,0.3442633119981505,0.337272772825337,0.3511117327230842,0.16942188943802117,0.16688001282986603,0.17201549473175426,0.17622962467501804,0.1653430071374754,0.1843672900170973,1.862645149230957e-09,False,exploratory (not declared; no multiplicity correction)
sensitivity/cin0.2,1000,DQN-ES,Static-Tier,avg_privacy_risk_ss,30,0.39063574971115933,0.38275001499043343,0.39877290334384735,0.16801146464589675,0.16352729689630915,0.17257871468364122,0.2222628266244858,0.21341037374963603,0.23212014447138174,1.862645149230957e-09,False,exploratory (not declared; no multiplicity correction)
sensitivity/cin0.2,1000,DQN-ES,Static-Tier,sla_violation_pct,30,0.6900000000000001,0.55,0.83,0.07666666666666667,0.04666666666666667,0.11000000000000001,0.65,0.45,0.75,8.940696716308594e-08,False,exploratory (not declared; no multiplicity correction)
sensitivity/cin0.2,1000,DQN-ES,q-mixed[q=0.5],avg_latency_ms,30,77.26110925417557,75.1884188163317,79.44964756166335,84.95714837539296,81.8197172810392,88.51370644678286,-7.57614920829446,-9.734259556878449,-5.591771404428329,2.348795533180237e-06,False,exploratory (not declared; no multiplicity correction)
sensitivity/cin0.2,1000,DQN-ES,q-mixed[q=0.5],avg_energy_mj,30,8.087088765563431,7.6849433640096185,8.557318987792733,9.583414951778419,9.012189001106009,10.20845670015867,-1.54389522665172,-1.942846200536402,-1.1884235674386452,3.7904828786849976e-06,False,exploratory (not declared; no multiplicity correction)
sensitivity/cin0.2,1000,DQN-ES,q-mixed[q=0.5],avg_privacy_risk,30,0.3442633119981505,0.3370292916038632,0.3512919531429137,0.3047851162048474,0.297733799064976,0.31141695637171335,0.04019504975923391,0.03476309512842937,0.0458092198566899,3.725290298461914e-09,False,exploratory (not declared; no multiplicity correction)
sensitivity/cin0.2,1000,DQN-ES,q-mixed[q=0.5],avg_privacy_risk_ss,30,0.39063574971115933,0.3828244878081258,0.39868874897201,0.3110349459563784,0.30446432411720803,0.31749392367369805,0.07800394628237078,0.07227403057731177,0.08417055471448473,1.862645149230957e-09,False,exploratory (not declared; no multiplicity correction)
sensitivity/cin0.2,1000,DQN-ES,q-mixed[q=0.5],sla_violation_pct,30,0.6900000000000001,0.5533333333333333,0.8266666666666668,1.39,1.1066666666666667,1.6500000000000001,-0.75,-0.9,-0.45,2.1457672119140625e-06,False,exploratory (not declared; no multiplicity correction)
sensitivity/cim0.1,1000,DQN-ES,Random-K[K=3],avg_latency_ms,30,77.49161704765466,75.46563863084936,79.68221424060901,101.85876956635406,95.63563559650117,109.4868769061325,-21.774532505938296,-26.88374172418805,-17.917447507589948,3.725290298461914e-09,False,exploratory (not declared; no multiplicity correction)
sensitivity/cim0.1,1000,DQN-ES,Random-K[K=3],avg_energy_mj,30,8.123250457337498,7.709757237536978,8.603979173086275,12.999959083674762,11.888706282480568,14.33625852372114,-4.486552041760262,-5.385637207018691,-3.7858411228005195,9.313225746154785e-09,False,exploratory (not declared; no multiplicity correction)
sensitivity/cim0.1,1000,DQN-ES,Random-K[K=3],avg_privacy_risk,30,0.34448346727243845,0.3376528052211528,0.35152155270123403,0.2564524777425281,0.25001527436526033,0.26271314682511193,0.08777303520741686,0.0817222876176143,0.09429841444818893,1.862645149230957e-09,False,exploratory (not declared; no multiplicity correction)
sensitivity/cim0.1,1000,DQN-ES,Random-K[K=3],avg_privacy_risk_ss,30,0.3914784687689614,0.3836785807979339,0.39915141281800026,0.25210285193717835,0.24517019387871747,0.2588358292798116,0.1376337423358061,0.13035707724167267,0.1464906081385405,1.862645149230957e-09,False,exploratory (not declared; no multiplicity correction)
sensitivity/cim0.1,1000,DQN-ES,Random-K[K=3],sla_violation_pct,30,0.7000000000000001,0.5699166666666674,0.8266666666666665,2.6833333333333327,2.21,3.1066666666666674,-2.15,-2.4,-1.65,2.9802322387695312e-08,False,exploratory (not declared; no multiplicity correction)
sensitivity/cim0.1,1000,DQN-ES,ES-only,avg_latency_ms,30,77.49161704765466,75.4375775150411,79.72339426882475,68.79061430950948,67.74125762121994,69.83450004265798,7.721767146716083,6.165516203226647,9.894698893770261,1.862645149230957e-09,False,exploratory (not declared; no multiplicity correction)
sensitivity/cim0.1,1000,DQN-ES,ES-only,avg_energy_mj,30,8.123250457337498,7.716939867995604,8.597624734375943,6.282008673541875,6.152642752766191,6.410920232881056,1.6047487870353927,1.330597255695272,2.0451894939824156,1.862645149230957e-09,False,exploratory (not declared; no multiplicity correction)
sensitivity/cim0.1,1000,DQN-ES,ES-only,avg_privacy_risk,30,0.34448346727243845,0.33758850978497884,0.35116736649482827,0.3840063648726007,0.3735905226901202,0.3943110982757829,-0.03822340921914211,-0.046325540066215476,-0.031005146721105686,1.862645149230957e-09,False,exploratory (not declared; no multiplicity correction)
sensitivity/cim0.1,1000,DQN-ES,ES-only,avg_privacy_risk_ss,30,0.3914784687689614,0.3836767323113098,0.3992682099560503,0.4109188170368446,0.4021425539974925,0.41968731174347373,-0.02100659941761407,-0.029011329357521848,-0.015079080292511426,2.0798295736312866e-05,False,exploratory (not declared; no multiplicity correction)
sensitivity/cim0.1,1000,DQN-ES,ES-only,sla_violation_pct,30,0.7000000000000001,0.5700000000000001,0.8233333333333335,0.14666666666666664,0.09333333333333334,0.2,0.55,0.4,0.7,1.4901161193847656e-08,False,exploratory (not declared; no multiplicity correction)
sensitivity/cim0.1,1000,DQN-ES,Static-Tier,avg_latency_ms,30,77.49161704765466,75.38006847629119,79.73735369343824,141.63618815719275,139.97967300087973,143.29954783727092,-64.48672292325563,-66.64148987496799,-62.32202306389902,1.862645149230957e-09,False,exploratory (not declared; no multiplicity correction)
sensitivity/cim0.1,1000,DQN-ES,Static-Tier,avg_energy_mj,30,8.123250457337498,7.71810749328613,8.6089254045253,6.237934629258036,6.150856374184711,6.329035152235052,1.7117191436828496,1.3453633201218547,2.2238127223206523,1.862645149230957e-09,False,exploratory (not declared; no multiplicity correction)
sensitivity/cim0.1,1000,DQN-ES,Static-Tier,avg_privacy_risk,30,0.34448346727243845,0.3374659592602021,0.3514223032693638,0.16942188943802117,0.16686205867653595,0.1719952322383828,0.1760084643856533,0.16614827461145132,0.18396721910372388,1.862645149230957e-09,False,exploratory (not declared; no multiplicity correction)
sensitivity/cim0.1,1000,DQN-ES,Static-Tier,avg_privacy_risk_ss,30,0.3914784687689614,0.3835880111957361,0.3994395506201217,0.16801146464589675,0.1634871639951674,0.17271153371416803,0.22306685757782008,0.21460768080848489,0.2337313723494563,1.862645149230957e-09,False,exploratory (not declared; no multiplicity correction)
sensitivity/cim0.1,1000,DQN-ES,Static-Tier,sla_violation_pct,30,0.7000000000000001,0.5700000000000001,0.8234166666666656,0.07666666666666667,0.04666666666666667,0.11000000000000001,0.65,0.5,0.8,5.960464477539063e-08,False,exploratory (not declared; no multiplicity correction)
sensitivity/cim0.1,1000,DQN-ES,q-mixed[q=0.5],avg_latency_ms,30,77.49161704765466,75.38444040127945,79.67092253856183,85.29601025361255,81.85699547828082,89.09621808286525,-7.743194816970046,-9.895851085377348,-5.702486835732579,5.144625902175903e-06,False,exploratory (not declared; no multiplicity correction)
sensitivity/cim0.1,1000,DQN-ES,q-mixed[q=0.5],avg_energy_mj,30,8.123250457337498,7.705280891064492,8.592361521750833,9.633105633353063,9.01458935041768,10.322252573830932,-1.5529619784488808,-2.0022279612920206,-1.198990360039176,7.994472980499268e-06,False,exploratory (not declared; no multiplicity correction)
sensitivity/cim0.1,1000,DQN-ES,q-mixed[q=0.5],avg_privacy_risk,30,0.34448346727243845,0.33758302570373266,0.3513254186606293,0.3039068417847861,0.29655092413553014,0.31119666793159634,0.040200793559284714,0.03433715382394972,0.046631659517606894,1.862645149230957e-09,False,exploratory (not declared; no multiplicity correction)
sensitivity/cim0.1,1000,DQN-ES,q-mixed[q=0.5],avg_privacy_risk_ss,30,0.3914784687689614,0.38369500891021796,0.3994010455123923,0.31184827561864903,0.3051515918279585,0.31851657738041084,0.07801916043100163,0.07186088464210813,0.08454298771884572,1.862645149230957e-09,False,exploratory (not declared; no multiplicity correction)
sensitivity/cim0.1,1000,DQN-ES,q-mixed[q=0.5],sla_violation_pct,30,0.7000000000000001,0.57,0.8233333333333335,1.4233333333333333,1.1400000000000001,1.6900833333333325,-0.75,-0.9500000000000001,-0.5,2.5033950805664062e-06,False,exploratory (not declared; no multiplicity correction)
sensitivity/cim0.2,1000,DQN-ES,Random-K[K=3],avg_latency_ms,30,77.4455514380465,75.37387587641611,79.64189442122014,101.88358950155907,95.67529826958257,109.22874201183954,-21.664191759332255,-26.9031364222663,-18.09558027635091,3.725290298461914e-09,False,exploratory (not declared; no multiplicity correction)
sensitivity/cim0.2,1000,DQN-ES,Random-K[K=3],avg_energy_mj,30,8.116596458419751,7.713970293718601,8.580743280496574,13.001766835029075,11.89749698718704,14.310570360336706,-4.4779315869269585,-5.4082022173721995,-3.8317364372877227,9.313225746154785e-09,False,exploratory (not declared; no multiplicity correction)
sensitivity/cim0.2,1000,DQN-ES,Random-K[K=3],avg_privacy_risk,30,0.34463682517369976,0.33763421326362136,0.35167757778371966,0.2562542436407132,0.2496112676293386,0.2625184882619766,0.08737657924971112,0.08129518565532852,0.09437608850591574,1.862645149230957e-09,False,exploratory (not declared; no multiplicity correction)
sensitivity/cim0.2,1000,DQN-ES,Random-K[K=3],avg_privacy_risk_ss,30,0.39116053800411016,0.38332241823612156,0.39899775971291584,0.2522440176994845,0.2454777710141759,0.25889756464419533,0.13709358486149914,0.12920039611459933,0.14606627173367207,1.862645149230957e-09,False,exploratory (not declared; no multiplicity correction)
sensitivity/cim0.2,1000,DQN-ES,Random-K[K=3],sla_violation_pct,30,0.6933333333333334,0.5666666666666667,0.8133333333333334,2.6799999999999997,2.2133333333333334,3.0933333333333333,-2.15,-2.4000000000000004,-1.65,4.470348358154297e-08,False,exploratory (not declared; no multiplicity correction)
sensitivity/cim0.2,1000,DQN-ES,ES-only,avg_latency_ms,30,77.4455514380465,75.38227969062119,79.61769166628805,68.66437524789356,67.6254067697117,69.71226121990783,7.995165253906727,6.157565332747566,10.038682833918621,1.862645149230957e-09,False,exploratory (not declared; no multiplicity correction)
sensitivity/cim0.2,1000,DQN-ES,ES-only,avg_energy_mj,30,8.116596458419751,7.715639240517633,8.590283594819095,6.270888947109273,6.145555106599069,6.400297529744174,1.637092051757492,1.3307716185171539,2.0171367368657025,1.862645149230957e-09,False,exploratory (not declared; no multiplicity correction)
sensitivity/cim0.2,1000,DQN-ES,ES-only,avg_privacy_risk,30,0.34463682517369976,0.33755167270646347,0.35159736075458997,0.38642649309506066,0.3762304971292002,0.3965352719321274,-0.04066064842761927,-0.048718185060935774,-0.03229524453056351,1.862645149230957e-09,False,exploratory (not declared; no multiplicity correction)
sensitivity/cim0.2,1000,DQN-ES,ES-only,avg_privacy_risk_ss,30,0.39116053800411016,0.3833225967022427,0.3991939417539119,0.4122123563112943,0.4034430282183692,0.42058541569926544,-0.02279316662379202,-0.029536299682175027,-0.01680791208380089,1.218356192111969e-05,False,exploratory (not declared; no multiplicity correction)
sensitivity/cim0.2,1000,DQN-ES,ES-only,sla_violation_pct,30,0.6933333333333334,0.5666666666666667,0.8133333333333334,0.13333333333333333,0.08333333333333333,0.18666666666666665,0.6,0.44999999999999996,0.7,1.4901161193847656e-08,False,exploratory (not declared; no multiplicity correction)
sensitivity/cim0.2,1000,DQN-ES,Static-Tier,avg_latency_ms,30,77.4455514380465,75.43505425489633,79.62970064692257,141.63618815719275,140.0053088208765,143.2818959043226,-64.47809366221583,-66.71536695024933,-62.25785285186029,1.862645149230957e-09,False,exploratory (not declared; no multiplicity correction)
sensitivity/cim0.2,1000,DQN-ES,Static-Tier,avg_energy_mj,30,8.116596458419751,7.712984926326587,8.585143370689583,6.237934629258036,6.1512217231255955,6.326509539734776,1.7056324189853456,1.340970367989425,2.228013957473356,1.862645149230957e-09,False,exploratory (not declared; no multiplicity correction)
sensitivity/cim0.2,1000,DQN-ES,Static-Tier,avg_privacy_risk,30,0.34463682517369976,0.33747337632676383,0.35160984156292785,0.16942188943802117,0.16692092313816584,0.17199381924277737,0.17630961981587778,0.1657018151498762,0.18441667133259765,1.862645149230957e-09,False,exploratory (not declared; no multiplicity correction)
sensitivity/cim0.2,1000,DQN-ES,Static-Tier,avg_privacy_risk_ss,30,0.39116053800411016,0.3832166771079776,0.3991657574385291,0.16801146464589675,0.16359186114832028,0.17258421894205178,0.22238689943338352,0.21378337361748975,0.2321033111527261,1.862645149230957e-09,False,exploratory (not declared; no multiplicity correction)
sensitivity/cim0.2,1000,DQN-ES,Static-Tier,sla_violation_pct,30,0.6933333333333334,0.5633333333333334,0.81,0.07666666666666667,0.04666666666666666,0.11000000000000001,0.65,0.5,0.7500000000000001,5.960464477539063e-08,False,exploratory (not declared; no multiplicity correction)
sensitivity/cim0.2,1000,DQN-ES,q-mixed[q=0.5],avg_latency_ms,30,77.4455514380465,75.37740755978923,79.60895023419097,85.26781462096093,81.85900694076713,89.10468312660096,-7.643452726003858,-9.910556127972988,-5.614357835760487,4.421919584274292e-06,False,exploratory (not declared; no multiplicity correction)
sensitivity/cim0.2,1000,DQN-ES,q-mixed[q=0.5],avg_energy_mj,30,8.116596458419751,7.712511875285363,8.572395291270796,9.636984000007876,8.999555815214658,10.319478700493965,-1.5378359813705957,-1.990203236280963,-1.1746698607383466,6.917864084243774e-06,False,exploratory (not declared; no multiplicity correction)
sensitivity/cim0.2,1000,DQN-ES,q-mixed[q=0.5],avg_privacy_risk,30,0.34463682517369976,0.33755253298260757,0.3514783849814613,0.30520907372607253,0.29794116171561424,0.3125600458129122,0.03909474838541799,0.03229577720192042,0.0457862432443123,1.862645149230957e-09,False,exploratory (not declared; no multiplicity correction)
sensitivity/cim0.2,1000,DQN-ES,q-mixed[q=0.5],avg_privacy_risk_ss,30,0.39116053800411016,0.38353381420924254,0.39920085190153765,0.3126580476100815,0.3057401553678915,0.3192395765100646,0.07652118937265628,0.07052615218050237,0.08447457669334096,1.862645149230957e-09,False,exploratory (not declared; no multiplicity correction)
sensitivity/cim0.2,1000,DQN-ES,q-mixed[q=0.5],sla_violation_pct,30,0.6933333333333334,0.5633333333333332,0.8133333333333332,1.4166666666666665,1.1233333333333335,1.686749999999999,-0.75,-0.95,-0.49999999999999994,2.4139881134033203e-06,False,exploratory (not declared; no multiplicity correction)
sensitivity/warm500 N=100,100,DQN-ES,Random-K[K=3],avg_latency_ms,30,78.58802081071893,73.51431366367247,84.04370071794347,104.31111473988356,96.54042053389391,112.34611311994908,-23.829964856323393,-31.168198286053947,-18.117673264139817,3.725290298461914e-09,False,exploratory (not declared; no multiplicity correction)
sensitivity/warm500 N=100,100,DQN-ES,Random-K[K=3],avg_energy_mj,30,8.503679188166908,7.657649661800731,9.429417782714724,13.787346299825156,12.495885983103808,15.175818189186474,-4.951821491560112,-6.210444575438412,-3.8923914597431137,1.862645149230957e-09,False,exploratory (not declared; no multiplicity correction)
sensitivity/warm500 N=100,100,DQN-ES,Random-K[K=3],avg_privacy_risk,30,0.4060309096573243,0.38593799470034407,0.4258292442490407,0.36419121306111024,0.3453297444743029,0.3818402616462809,0.040494271321097036,0.027739904586042696,0.05599738035400875,8.326023817062378e-07,False,exploratory (not declared; no multiplicity correction)
sensitivity/warm500 N=100,100,DQN-ES,Random-K[K=3],sla_violation_pct,30,1.8,1.1666666666666667,2.533333333333333,4.066666666666666,3.2,5.0,-2.0,-3.0,-1.5,4.3213367462158203e-07,False,exploratory (not declared; no multiplicity correction)
sensitivity/warm500 N=100,100,DQN-ES,ES-only,avg_latency_ms,30,78.58802081071893,73.57774339074179,84.18464328035908,79.82571628842919,74.7095997875009,85.3762676935786,-0.05792932872294543,-3.4780164286938415,1.6141184151309673,0.9515264742076397,False,exploratory (not declared; no multiplicity correction)
sensitivity/warm500 N=100,100,DQN-ES,ES-only,avg_energy_mj,30,8.503679188166908,7.660783660070258,9.445182836472998,8.71533110215202,7.8251249026306935,9.659607022998555,0.00010826776963135387,-0.625871493833567,0.3070762109177876,1.0,False,exploratory (not declared; no multiplicity correction)
sensitivity/warm500 N=100,100,DQN-ES,ES-only,avg_privacy_risk,30,0.4060309096573243,0.38607221944731646,0.4259194060882309,0.3904118134176811,0.3646507211057644,0.4145879387164565,0.008150803076084623,0.0004394151932782253,0.02540443827654762,0.029064036905765533,False,exploratory (not declared; no multiplicity correction)
sensitivity/warm500 N=100,100,DQN-ES,ES-only,sla_violation_pct,30,1.8,1.1666666666666667,2.533333333333333,2.033333333333333,1.3666666666666667,2.8,0.0,-0.5,0.0,0.2122802734375,False,exploratory (not declared; no multiplicity correction)
sensitivity/warm500 N=100,100,DQN-ES,Static-Tier,avg_latency_ms,30,78.58802081071893,73.59512660318316,84.19166718884695,136.0565897092275,131.39829034151703,140.90103170330252,-58.58235253032364,-64.97519120326547,-51.61529873664923,3.725290298461914e-09,False,exploratory (not declared; no multiplicity correction)
sensitivity/warm500 N=100,100,DQN-ES,Static-Tier,avg_energy_mj,30,8.503679188166908,7.669254377278341,9.427875537629447,6.088211999247159,5.879430567637786,6.303708723755474,2.2275421086386618,1.4548315734396082,3.037075701874565,1.30385160446167e-07,False,exploratory (not declared; no multiplicity correction)
sensitivity/warm500 N=100,100,DQN-ES,Static-Tier,avg_privacy_risk,30,0.4060309096573243,0.38620015126795165,0.42592735498276435,0.17543897896145316,0.16717041715222514,0.18432583849644488,0.23183704927946047,0.20527914213647597,0.2527341744719849,1.862645149230957e-09,False,exploratory (not declared; no multiplicity correction)
sensitivity/warm500 N=100,100,DQN-ES,Static-Tier,sla_violation_pct,30,1.8,1.1333333333333333,2.5,0.0,0.0,0.0,1.5,1.0,2.5,1.9073486328125e-06,False,exploratory (not declared; no multiplicity correction)
sensitivity/warm500 N=100,100,DQN-ES,q-mixed[q=0.5],avg_latency_ms,30,78.58802081071893,73.67669617607648,84.0915644613885,93.05168531462915,85.35436791737733,102.44784502024069,-12.697272036386593,-18.492844282089603,-8.457634245211239,3.7904828786849976e-06,False,exploratory (not declared; no multiplicity correction)
sensitivity/warm500 N=100,100,DQN-ES,q-mixed[q=0.5],avg_energy_mj,30,8.503679188166908,7.674879265587858,9.438018436747583,11.442841789289227,10.147379748057823,13.008274490599439,-2.663111686401416,-3.710018210388111,-1.8914473977665303,2.348795533180237e-06,False,exploratory (not declared; no multiplicity correction)
sensitivity/warm500 N=100,100,DQN-ES,q-mixed[q=0.5],avg_privacy_risk,30,0.4060309096573243,0.38586986476645924,0.4260736842882497,0.374198851144919,0.351940709150975,0.3950617113814619,0.029914935747707816,0.01574397638189357,0.04066741218646998,2.551823854446411e-07,False,exploratory (not declared; no multiplicity correction)
sensitivity/warm500 N=100,100,DQN-ES,q-mixed[q=0.5],sla_violation_pct,30,1.8,1.1666666666666667,2.533333333333333,3.066666666666667,2.2333333333333334,3.966666666666667,-1.5,-2.0,-0.5,0.0004105567932128906,False,exploratory (not declared; no multiplicity correction)
sensitivity/warm500 N=1000,1000,DQN-ES,Random-K[K=3],avg_latency_ms,30,69.84963499626568,68.74268073814012,70.97112124862016,101.94008787188365,95.65721851083106,109.6172071228325,-28.60798664750213,-34.63195109559504,-22.508383879971205,1.862645149230957e-09,False,exploratory (not declared; no multiplicity correction)
sensitivity/warm500 N=1000,1000,DQN-ES,Random-K[K=3],avg_energy_mj,30,6.498075222810552,6.350507818550354,6.6486442691311955,13.018631696666448,11.891751430550848,14.360470533070202,-5.879433138434237,-7.052726117292549,-4.884661147608181,1.862645149230957e-09,False,exploratory (not declared; no multiplicity correction)
sensitivity/warm500 N=1000,1000,DQN-ES,Random-K[K=3],avg_privacy_risk,30,0.3971331112425645,0.38661577127982133,0.4070960229010174,0.25601820051411356,0.24964545104588007,0.2621986668239671,0.14209218227903964,0.13290196187204945,0.15265572560603,1.862645149230957e-09,False,exploratory (not declared; no multiplicity correction)
sensitivity/warm500 N=1000,1000,DQN-ES,Random-K[K=3],avg_privacy_risk_ss,30,0.4085451157464808,0.3999171850467257,0.41637999330337166,0.25211328969358504,0.24493280953549976,0.25899740071408567,0.15626170584112484,0.14871960781702903,0.16293325527721264,1.862645149230957e-09,False,exploratory (not declared; no multiplicity correction)
sensitivity/warm500 N=1000,1000,DQN-ES,Random-K[K=3],sla_violation_pct,30,0.22,0.15,0.2966666666666667,2.6866666666666665,2.216666666666667,3.113333333333333,-2.75,-3.05,-1.8499999999999999,4.470348358154297e-08,False,exploratory (not declared; no multiplicity correction)
sensitivity/warm500 N=1000,1000,DQN-ES,ES-only,avg_latency_ms,30,69.84963499626568,68.71879725563738,70.98775740402832,68.79111252527052,67.75500585991183,69.83214002453079,0.9535215320452579,0.5088361067281966,1.5303608980104642,0.0008718203753232956,False,exploratory (not declared; no multiplicity correction)
sensitivity/warm500 N=1000,1000,DQN-ES,ES-only,avg_energy_mj,30,6.498075222810552,6.350158468720161,6.652392669144617,6.274933670173288,6.145294796032163,6.405069366399454,0.21123639593392385,0.11811559241463021,0.30769151516771753,0.00020912662148475647,False,exploratory (not declared; no multiplicity correction)
sensitivity/warm500 N=1000,1000,DQN-ES,ES-only,avg_privacy_risk,30,0.3971331112425645,0.38668733035233005,0.4070566545004895,0.38314106804473996,0.37295203938875243,0.3935625969312424,0.012423253625391845,0.006706337387667738,0.02013314336875832,0.00031275488436222076,False,exploratory (not declared; no multiplicity correction)
sensitivity/warm500 N=1000,1000,DQN-ES,ES-only,avg_privacy_risk_ss,30,0.4085451157464808,0.40005543375554614,0.416558120259609,0.41055456532194673,0.4015570792322047,0.4195876410707144,-0.004024641347617236,-0.008507549614045484,0.002195551866932044,0.22064675763249397,False,exploratory (not declared; no multiplicity correction)
sensitivity/warm500 N=1000,1000,DQN-ES,ES-only,sla_violation_pct,30,0.22,0.14666666666666667,0.29666666666666663,0.15666666666666668,0.09666666666666668,0.21666666666666667,0.05,0.0,0.1,0.097991943359375,False,exploratory (not declared; no multiplicity correction)
sensitivity/warm500 N=1000,1000,DQN-ES,Static-Tier,avg_latency_ms,30,69.84963499626568,68.74733609338577,70.96059214374834,141.63618815719275,139.97490966342022,143.3175820398173,-71.56659646712492,-73.56887091308803,-69.59250492761869,1.862645149230957e-09,False,exploratory (not declared; no multiplicity correction)
sensitivity/warm500 N=1000,1000,DQN-ES,Static-Tier,avg_energy_mj,30,6.498075222810552,6.350517428969567,6.646506176862904,6.237934629258036,6.151039635344888,6.327685271365845,0.22965499070500384,0.11386940750489716,0.35414230678347947,0.00023163668811321259,False,exploratory (not declared; no multiplicity correction)
sensitivity/warm500 N=1000,1000,DQN-ES,Static-Tier,avg_privacy_risk,30,0.3971331112425645,0.386683822669796,0.40692338282641405,0.16942188943802117,0.16695288359739296,0.17194542943692273,0.2297337177086879,0.21548141301640017,0.24349164625416417,1.862645149230957e-09,False,exploratory (not declared; no multiplicity correction)
sensitivity/warm500 N=1000,1000,DQN-ES,Static-Tier,avg_privacy_risk_ss,30,0.4085451157464808,0.40007979422942297,0.41648550208095664,0.16801146464589675,0.1635491061521611,0.17252716132954998,0.24325652403345588,0.23275689043823325,0.2520815808102497,1.862645149230957e-09,False,exploratory (not declared; no multiplicity correction)
sensitivity/warm500 N=1000,1000,DQN-ES,Static-Tier,sla_violation_pct,30,0.22,0.14666666666666667,0.29666666666666663,0.07666666666666667,0.04666666666666666,0.11000000000000001,0.15,0.04999999999999999,0.25,0.004391193389892578,False,exploratory (not declared; no multiplicity correction)
sensitivity/warm500 N=1000,1000,DQN-ES,q-mixed[q=0.5],avg_latency_ms,30,69.84963499626568,68.7347748861457,70.99391536523203,85.31328072612781,81.99701918028296,89.17375924810983,-14.305601420611168,-17.28109908733257,-11.082454440497472,1.862645149230957e-09,False,exploratory (not declared; no multiplicity correction)
sensitivity/warm500 N=1000,1000,DQN-ES,q-mixed[q=0.5],avg_energy_mj,30,6.498075222810552,6.351931041701205,6.648871242221558,9.633697475285773,9.02469469002909,10.328475694123181,-2.9419982936029174,-3.469301273227319,-2.363639199616068,1.862645149230957e-09,False,exploratory (not declared; no multiplicity correction)
sensitivity/warm500 N=1000,1000,DQN-ES,q-mixed[q=0.5],avg_privacy_risk,30,0.3971331112425645,0.38672711810620314,0.4070176855877769,0.3032760261954739,0.2960657743785069,0.31065478286374587,0.0940668243773124,0.08426038519242399,0.1034956172963134,1.862645149230957e-09,False,exploratory (not declared; no multiplicity correction)
sensitivity/warm500 N=1000,1000,DQN-ES,q-mixed[q=0.5],avg_privacy_risk_ss,30,0.4085451157464808,0.3999736551631832,0.41672957772959657,0.31144356762308234,0.30458515229784205,0.3179631527753665,0.09653006498621988,0.09037836919085857,0.10358672518121914,1.862645149230957e-09,False,exploratory (not declared; no multiplicity correction)
sensitivity/warm500 N=1000,1000,DQN-ES,q-mixed[q=0.5],sla_violation_pct,30,0.22,0.15,0.29333333333333333,1.4266666666666665,1.15,1.7033333333333334,-1.25,-1.5,-0.9,5.960464477539063e-08,False,exploratory (not declared; no multiplicity correction)
sensitivity/warm2000 N=100,100,DQN-ES,Random-K[K=3],avg_latency_ms,30,77.37727303848114,72.19781319576671,82.85532929128428,104.31111473988356,96.55290172944687,112.55757122401909,-25.5104719639016,-32.08207839319384,-21.14579517388247,3.725290298461914e-09,False,exploratory (not declared; no multiplicity correction)
sensitivity/warm2000 N=100,100,DQN-ES,Random-K[K=3],avg_energy_mj,30,8.287543658321793,7.45860622933896,9.16638519624583,13.787346299825156,12.479863082420238,15.171043076424231,-5.247683767360875,-6.431890545631369,-4.4510207880198305,1.862645149230957e-09,False,exploratory (not declared; no multiplicity correction)
sensitivity/warm2000 N=100,100,DQN-ES,Random-K[K=3],avg_privacy_risk,30,0.4056366901785489,0.38657704550389244,0.42486681595585024,0.36419121306111024,0.34544140298087744,0.38227380031607183,0.04048012649621188,0.026867481764631246,0.05759250118523257,5.144625902175903e-06,False,exploratory (not declared; no multiplicity correction)
sensitivity/warm2000 N=100,100,DQN-ES,Random-K[K=3],sla_violation_pct,30,1.6333333333333333,1.0,2.3333333333333335,4.066666666666666,3.1666666666666665,4.966666666666667,-2.5,-3.5,-1.5,1.8253922462463379e-06,False,exploratory (not declared; no multiplicity correction)
sensitivity/warm2000 N=100,100,DQN-ES,ES-only,avg_latency_ms,30,77.37727303848114,72.28316946266753,82.87988633398338,79.82571628842919,74.64940663925468,85.51275204607333,-0.9312970885326806,-6.682226351975899,0.5480564896124278,0.40449450351297855,False,exploratory (not declared; no multiplicity correction)
sensitivity/warm2000 N=100,100,DQN-ES,ES-only,avg_energy_mj,30,8.287543658321793,7.469456064476003,9.197315917124799,8.71533110215202,7.825990557612261,9.651336120439986,-0.17351452592284478,-1.1964558762574575,0.12036417889664497,0.370740607380867,False,exploratory (not declared; no multiplicity correction)
sensitivity/warm2000 N=100,100,DQN-ES,ES-only,avg_privacy_risk,30,0.4056366901785489,0.3863838122184073,0.42465513025369855,0.3904118134176811,0.3655726650166665,0.4150216576390249,0.005900180138318778,0.0007884166422436889,0.02840497039839654,0.027409173548221588,False,exploratory (not declared; no multiplicity correction)
sensitivity/warm2000 N=100,100,DQN-ES,ES-only,sla_violation_pct,30,1.6333333333333333,1.0,2.3,2.033333333333333,1.3333333333333333,2.7666666666666666,-0.5,-1.0,0.0,0.06689453125,False,exploratory (not declared; no multiplicity correction)
sensitivity/warm2000 N=100,100,DQN-ES,Static-Tier,avg_latency_ms,30,77.37727303848114,72.35589651932227,82.83608114016471,136.0565897092275,131.36931856621024,141.13791141533125,-60.28398549709723,-65.15227464224327,-54.25487365374721,3.725290298461914e-09,False,exploratory (not declared; no multiplicity correction)
sensitivity/warm2000 N=100,100,DQN-ES,Static-Tier,avg_energy_mj,30,8.287543658321793,7.452578017415675,9.178545074748923,6.088211999247159,5.875808680894026,6.303707003922722,2.044832286090138,1.3008669594614992,2.794254631139587,9.98377799987793e-07,False,exploratory (not declared; no multiplicity correction)
sensitivity/warm2000 N=100,100,DQN-ES,Static-Tier,avg_privacy_risk,30,0.4056366901785489,0.3864408695628296,0.42502215579537733,0.17543897896145316,0.16702216647217955,0.18475966626606316,0.23170359192173678,0.20658194055534634,0.2517323752103146,1.862645149230957e-09,False,exploratory (not declared; no multiplicity correction)
sensitivity/warm2000 N=100,100,DQN-ES,Static-Tier,sla_violation_pct,30,1.6333333333333333,1.0,2.3333333333333335,0.0,0.0,0.0,1.5,1.0,2.0,7.62939453125e-06,False,exploratory (not declared; no multiplicity correction)
sensitivity/warm2000 N=100,100,DQN-ES,q-mixed[q=0.5],avg_latency_ms,30,77.37727303848114,72.23630237266579,82.83336697554905,93.05168531462915,85.17995891987098,102.42353845005779,-14.971525771650569,-19.947209266160606,-10.174547169205198,8.326023817062378e-07,False,exploratory (not declared; no multiplicity correction)
sensitivity/warm2000 N=100,100,DQN-ES,q-mixed[q=0.5],avg_energy_mj,30,8.287543658321793,7.454561657859408,9.216255271143549,11.442841789289227,10.141656942390968,13.025124440554533,-2.995012004952414,-3.919618967711442,-2.145414368651265,2.0489096641540527e-07,False,exploratory (not declared; no multiplicity correction)
sensitivity/warm2000 N=100,100,DQN-ES,q-mixed[q=0.5],avg_privacy_risk,30,0.4056366901785489,0.3865660475321865,0.4249545232934467,0.374198851144919,0.3522494477401551,0.3953463531313532,0.030647178694828636,0.01706002725468206,0.04300332082351219,1.4193356037139893e-06,False,exploratory (not declared; no multiplicity correction)
sensitivity/warm2000 N=100,100,DQN-ES,q-mixed[q=0.5],sla_violation_pct,30,1.6333333333333333,1.0333333333333334,2.3,3.066666666666667,2.2333333333333334,3.966666666666667,-1.5,-2.0,-1.0,0.0001468658447265625,False,exploratory (not declared; no multiplicity correction)
sensitivity/warm2000 N=1000,1000,DQN-ES,Random-K[K=3],avg_latency_ms,30,69.63869245898309,68.5374574170977,70.76003398933025,101.94008787188365,95.66232528297523,109.29492837592753,-28.869195578686053,-36.072558567045135,-22.750254054093872,1.862645149230957e-09,False,exploratory (not declared; no multiplicity correction)
sensitivity/warm2000 N=1000,1000,DQN-ES,Random-K[K=3],avg_energy_mj,30,6.457293088686404,6.311592584943533,6.611853963539966,13.018631696666448,11.905966386993292,14.369682995105201,-5.9306853709619105,-7.26931460756497,-4.8241352614383235,1.862645149230957e-09,False,exploratory (not declared; no multiplicity correction)
sensitivity/warm2000 N=1000,1000,DQN-ES,Random-K[K=3],avg_privacy_risk,30,0.398650664334716,0.38729137472648184,0.4092726251745831,0.25601820051411356,0.24946287089410674,0.2621678924979504,0.14343329487591672,0.13133439652340229,0.15504661099156303,1.862645149230957e-09,False,exploratory (not declared; no multiplicity correction)
sensitivity/warm2000 N=1000,1000,DQN-ES,Random-K[K=3],avg_privacy_risk_ss,30,0.4102324248882726,0.4014322610061836,0.4183432794247062,0.25211328969358504,0.24497346996573532,0.25888328257335314,0.1579694872511334,0.1486662333111498,0.16724225213581986,1.862645149230957e-09,False,exploratory (not declared; no multiplicity correction)
sensitivity/warm2000 N=1000,1000,DQN-ES,Random-K[K=3],sla_violation_pct,30,0.22,0.14,0.32,2.6866666666666665,2.21,3.113333333333333,-2.75,-3.0,-1.9,4.470348358154297e-08,False,exploratory (not declared; no multiplicity correction)
sensitivity/warm2000 N=1000,1000,DQN-ES,ES-only,avg_latency_ms,30,69.63869245898309,68.54164933489726,70.7961702156415,68.79111252527052,67.75903363689828,69.82713354683082,0.981080418961426,0.3665703992478342,1.4695898937107685,0.00466480478644371,False,exploratory (not declared; no multiplicity correction)
sensitivity/warm2000 N=1000,1000,DQN-ES,ES-only,avg_energy_mj,30,6.457293088686404,6.310293732170071,6.615073915878447,6.274933670173288,6.144318155149898,6.405576009892248,0.2063917091498837,0.09383014687697289,0.30131765038575703,0.0027663204818964005,False,exploratory (not declared; no multiplicity correction)
sensitivity/warm2000 N=1000,1000,DQN-ES,ES-only,avg_privacy_risk,30,0.398650664334716,0.3870966576384347,0.40932492389358016,0.38314106804473996,0.37295676733898075,0.3935302845670594,0.012419585357247409,0.003799843770942918,0.02416970393082274,0.0006665531545877457,False,exploratory (not declared; no multiplicity correction)
sensitivity/warm2000 N=1000,1000,DQN-ES,ES-only,avg_privacy_risk_ss,30,0.4102324248882726,0.4018449964032342,0.4186020288296745,0.41055456532194673,0.40149825413081197,0.4196046553545088,-0.002273224329583795,-0.007595393303050674,0.004448042226178506,0.4898460879921913,False,exploratory (not declared; no multiplicity correction)
sensitivity/warm2000 N=1000,1000,DQN-ES,ES-only,sla_violation_pct,30,0.22,0.14333333333333334,0.31666666666666665,0.15666666666666668,0.1,0.21666666666666667,0.05,-1.3877787807814457e-17,0.1,0.23326730728149414,False,exploratory (not declared; no multiplicity correction)
sensitivity/warm2000 N=1000,1000,DQN-ES,Static-Tier,avg_latency_ms,30,69.63869245898309,68.524691459777,70.79428768505528,141.63618815719275,140.01082763618322,143.3135523261591,-71.64526684165844,-73.97427406443265,-69.94950270640174,1.862645149230957e-09,False,exploratory (not declared; no multiplicity correction)
sensitivity/warm2000 N=1000,1000,DQN-ES,Static-Tier,avg_energy_mj,30,6.457293088686404,6.310241408378941,6.618108884851712,6.237934629258036,6.150618777645954,6.327254830043922,0.18646223543242035,0.08674150656440904,0.29101890710564904,0.0002562887966632843,False,exploratory (not declared; no multiplicity correction)
sensitivity/warm2000 N=1000,1000,DQN-ES,Static-Tier,avg_privacy_risk,30,0.398650664334716,0.3873615766349553,0.409633734174927,0.16942188943802117,0.16690077408736706,0.172029478453168,0.23145709225359906,0.216711016094832,0.24499338797647383,1.862645149230957e-09,False,exploratory (not declared; no multiplicity correction)
sensitivity/warm2000 N=1000,1000,DQN-ES,Static-Tier,avg_privacy_risk_ss,30,0.4102324248882726,0.40141202899672984,0.418428057750778,0.16801146464589675,0.16349438847278047,0.17268486552948845,0.24329402693704405,0.2313389012783154,0.25486654226506955,1.862645149230957e-09,False,exploratory (not declared; no multiplicity correction)
sensitivity/warm2000 N=1000,1000,DQN-ES,Static-Tier,sla_violation_pct,30,0.22,0.14,0.31666666666666665,0.07666666666666667,0.04666666666666667,0.11,0.09999999999999999,0.0,0.2,0.007281303405761719,False,exploratory (not declared; no multiplicity correction)
sensitivity/warm2000 N=1000,1000,DQN-ES,q-mixed[q=0.5],avg_latency_ms,30,69.63869245898309,68.54372917842086,70.78118965139672,85.31328072612781,81.93727567336741,89.06728412311077,-14.618143279218273,-17.797130633267514,-10.792693394403258,1.862645149230957e-09,False,exploratory (not declared; no multiplicity correction)
sensitivity/warm2000 N=1000,1000,DQN-ES,q-mixed[q=0.5],avg_energy_mj,30,6.457293088686404,6.310009030998421,6.614255129213048,9.633697475285773,9.022410590283181,10.339031771128106,-2.9686136403277903,-3.6095884875017714,-2.3395180423337285,1.862645149230957e-09,False,exploratory (not declared; no multiplicity correction)
sensitivity/warm2000 N=1000,1000,DQN-ES,q-mixed[q=0.5],avg_privacy_risk,30,0.398650664334716,0.38747180458602565,0.4095601360575479,0.3032760261954739,0.296049074518405,0.31039518329079746,0.09557807256665707,0.08429417676027465,0.10771695248872287,1.862645149230957e-09,False,exploratory (not declared; no multiplicity correction)
sensitivity/warm2000 N=1000,1000,DQN-ES,q-mixed[q=0.5],avg_privacy_risk_ss,30,0.4102324248882726,0.40150602694270326,0.4185544874753735,0.31144356762308234,0.30443396116258914,0.318004874162682,0.09859181062012395,0.09067026805113493,0.10650969347232109,1.862645149230957e-09,False,exploratory (not declared; no multiplicity correction)
sensitivity/warm2000 N=1000,1000,DQN-ES,q-mixed[q=0.5],sla_violation_pct,30,0.22,0.14,0.31666666666666665,1.4266666666666665,1.1465833333333342,1.6966666666666665,-1.25,-1.5,-0.8999999999999999,2.9802322387695312e-08,False,exploratory (not declared; no multiplicity correction)
scaling M=8,1000,DQN-ES,Random-K[K=3],avg_latency_ms,30,110.08389537311896,103.08290450320123,118.11870472773776,204.62495624109204,186.83079341981042,223.75447353196435,-93.72011444454017,-110.15583356612467,-78.16662009981096,3.725290298461914e-09,False,exploratory (not declared; no multiplicity correction)
scaling M=8,1000,DQN-ES,Random-K[K=3],avg_energy_mj,30,14.42695142691158,13.058287008354842,15.958900985798778,31.71849050011429,28.58271973371996,35.13506190221433,-17.27303462821805,-20.33331056687784,-14.17073606721792,9.313225746154785e-09,False,exploratory (not declared; no multiplicity correction)
scaling M=8,1000,DQN-ES,Random-K[K=3],avg_privacy_risk,30,0.3595752640398036,0.3503869258014612,0.3684588296167331,0.1839872232992838,0.18055638921004388,0.18712843133427748,0.1769701580655062,0.16828455258508213,0.18575635948312907,1.862645149230957e-09,False,exploratory (not declared; no multiplicity correction)
scaling M=8,1000,DQN-ES,Random-K[K=3],avg_privacy_risk_ss,30,0.4341575775228183,0.42282590187070307,0.44484929585787647,0.16458873584878758,0.1602448964071126,0.1687191615083757,0.2717025502515443,0.25946395827849245,0.28105314494202716,1.862645149230957e-09,False,exploratory (not declared; no multiplicity correction)
scaling M=8,1000,DQN-ES,Random-K[K=3],sla_violation_pct,30,3.4400000000000004,2.5166666666666666,4.8133333333333335,11.406666666666666,10.146583333333334,12.613333333333333,-8.55,-9.700000000000001,-7.4,2.6654452085494995e-06,False,exploratory (not declared; no multiplicity correction)
scaling M=8,1000,DQN-ES,ES-only,avg_latency_ms,30,110.08389537311896,103.09260995219813,118.30061416963572,69.95730347852995,68.92995840155052,70.99259211026086,38.0891840496853,31.022433743975213,44.232275416080036,1.862645149230957e-09,False,exploratory (not declared; no multiplicity correction)
scaling M=8,1000,DQN-ES,ES-only,avg_energy_mj,30,14.42695142691158,13.096454115718393,16.009371354271444,6.518400693854684,6.387263435133323,6.647903444082251,7.5092110619759955,6.226281636274435,8.740973756750199,1.862645149230957e-09,False,exploratory (not declared; no multiplicity correction)
scaling M=8,1000,DQN-ES,ES-only,avg_privacy_risk,30,0.3595752640398036,0.35029896293838697,0.36854705005220006,0.4591816808883419,0.4480679746878076,0.4705342564181752,-0.10001731281045859,-0.11245891532662317,-0.08401290424992142,1.862645149230957e-09,False,exploratory (not declared; no multiplicity correction)
scaling M=8,1000,DQN-ES,ES-only,avg_privacy_risk_ss,30,0.4341575775228183,0.42303555316346003,0.4451012426982504,0.5036513305722848,0.49666984961236826,0.5103168020417446,-0.07057007813552396,-0.08220253828150231,-0.05614155219277031,3.725290298461914e-09,False,exploratory (not declared; no multiplicity correction)
scaling M=8,1000,DQN-ES,ES-only,sla_violation_pct,30,3.4400000000000004,2.523333333333333,4.836666666666667,0.41,0.31,0.51,2.45,2.0500000000000003,2.85,1.862645149230957e-09,False,exploratory (not declared; no multiplicity correction)
scaling M=8,1000,DQN-ES,Static-Tier,avg_latency_ms,30,110.08389537311896,103.00191756315266,118.00408985756921,141.63618815719275,139.9867731431604,143.2751559700855,-34.49047240170618,-40.04919995966474,-27.572719891670232,3.1478703022003174e-07,False,exploratory (not declared; no multiplicity correction)
scaling M=8,1000,DQN-ES,Static-Tier,avg_energy_mj,30,14.42695142691158,13.083025944288597,15.941983161431665,6.237934629258036,6.15192946232127,6.327982389710012,7.781294215876162,6.569212962072321,8.975401722365886,1.862645149230957e-09,False,exploratory (not declared; no multiplicity correction)
scaling M=8,1000,DQN-ES,Static-Tier,avg_privacy_risk,30,0.3595752640398036,0.35043425141929996,0.3686000095651527,0.20031301881553962,0.1970659031944964,0.20368719907868524,0.1591228867138181,0.1492627898751137,0.170296330545186,1.862645149230957e-09,False,exploratory (not declared; no multiplicity correction)
scaling M=8,1000,DQN-ES,Static-Tier,avg_privacy_risk_ss,30,0.4341575775228183,0.42260677130382424,0.44500321468465115,0.1992368651937736,0.1938293707910339,0.20497281181709906,0.23518272491051573,0.22269705896236036,0.24767322118631718,1.862645149230957e-09,False,exploratory (not declared; no multiplicity correction)
scaling M=8,1000,DQN-ES,Static-Tier,sla_violation_pct,30,3.4400000000000004,2.5066666666666673,4.796666666666667,0.07666666666666667,0.04666666666666666,0.11000000000000001,2.75,2.4,3.15,3.725290298461914e-09,False,exploratory (not declared; no multiplicity correction)
scaling M=8,1000,DQN-ES,q-mixed[q=0.5],avg_latency_ms,30,110.08389537311896,103.07720098789879,118.12178721034222,136.28968640743253,127.1393750902322,147.34940094220187,-26.478137647460038,-34.06716712935229,-18.5455805909711,5.973502993583679e-06,False,exploratory (not declared; no multiplicity correction)
scaling M=8,1000,DQN-ES,q-mixed[q=0.5],avg_energy_mj,30,14.42695142691158,13.084458199685256,15.961158451035153,18.990643899922894,17.311998245053296,20.928423905348705,-4.667327466626075,-6.214215667273662,-3.2136206999771844,1.3966113328933716e-05,False,exploratory (not declared; no multiplicity correction)
scaling M=8,1000,DQN-ES,q-mixed[q=0.5],avg_privacy_risk,30,0.3595752640398036,0.3501834500262238,0.36849645697954075,0.26861128263230216,0.26341165424297647,0.27367802836504923,0.09135237921458207,0.08057617496859015,0.10197057853198363,1.862645149230957e-09,False,exploratory (not declared; no multiplicity correction)
scaling M=8,1000,DQN-ES,q-mixed[q=0.5],avg_privacy_risk_ss,30,0.4341575775228183,0.42284312851992323,0.4451362021671069,0.26364884096215885,0.2583213803397712,0.26867542007263734,0.17169262876724906,0.1611524055256159,0.18295061892684597,1.862645149230957e-09,False,exploratory (not declared; no multiplicity correction)
scaling M=8,1000,DQN-ES,q-mixed[q=0.5],sla_violation_pct,30,3.4400000000000004,2.5299166666666673,4.873333333333333,5.75,5.073333333333334,6.41,-2.9499999999999997,-3.5,-2.25,4.954636096954346e-06,False,exploratory (not declared; no multiplicity correction)
scaling M=16,1000,DQN-ES,Random-K[K=3],avg_latency_ms,30,151.15105475763906,138.88534791578311,164.4161817378804,273.6666221570216,248.4481210116297,300.4929644829982,-119.82454403315494,-143.07309827428864,-91.7423428175008,3.725290298461914e-09,False,exploratory (not declared; no multiplicity correction)
scaling M=16,1000,DQN-ES,Random-K[K=3],avg_energy_mj,30,22.046633889188932,19.758418572542883,24.5054161859315,44.191175591165575,39.84315386833693,48.946384871327886,-21.616515805309167,-25.7859984456233,-16.694268703404205,3.725290298461914e-09,False,exploratory (not declared; no multiplicity correction)
scaling M=16,1000,DQN-ES,Random-K[K=3],avg_privacy_risk,30,0.38419140384312134,0.3710260683815878,0.3964676289409379,0.17880644986787653,0.17638872141607106,0.1813539288189115,0.20748162602853532,0.19479612425080362,0.21992440640346522,1.862645149230957e-09,False,exploratory (not declared; no multiplicity correction)
scaling M=16,1000,DQN-ES,Random-K[K=3],avg_privacy_risk_ss,30,0.47818721177059553,0.46161491614357003,0.49442602307905464,0.14568615545627928,0.1425035618034387,0.14888758042259048,0.334709656903139,0.3186833208183823,0.3530764432185179,1.862645149230957e-09,False,exploratory (not declared; no multiplicity correction)
scaling M=16,1000,DQN-ES,Random-K[K=3],sla_violation_pct,30,6.7700000000000005,5.25,8.703333333333331,17.666666666666668,16.216416666666667,18.996833333333335,-11.45,-12.75,-9.45,1.30385160446167e-08,False,exploratory (not declared; no multiplicity correction)
scaling M=16,1000,DQN-ES,ES-only,avg_latency_ms,30,151.15105475763906,138.923482424937,164.2783939340142,70.09866476342819,69.00836294727894,71.20436727790756,77.60273418490792,64.49949695827021,91.95469648844934,1.862645149230957e-09,False,exploratory (not declared; no multiplicity correction)
scaling M=16,1000,DQN-ES,ES-only,avg_energy_mj,30,22.046633889188932,19.71867729888428,24.49815402751482,6.551654576054352,6.419739571967265,6.689795120137252,14.952141366932443,12.518200670777333,17.770288063593576,1.862645149230957e-09,False,exploratory (not declared; no multiplicity correction)
scaling M=16,1000,DQN-ES,ES-only,avg_privacy_risk,30,0.38419140384312134,0.37075981135387825,0.3962113568626903,0.5082776166532071,0.49905791694723345,0.5166476061086549,-0.12282026168290736,-0.13836042733069256,-0.10907234228087559,1.862645149230957e-09,False,exploratory (not declared; no multiplicity correction)
scaling M=16,1000,DQN-ES,ES-only,avg_privacy_risk_ss,30,0.47818721177059553,0.46139717637650524,0.4939758778686345,0.5539583239243193,0.549063343567389,0.5585527486087596,-0.07317573139428035,-0.08735907853315053,-0.05561056639365014,1.862645149230957e-09,False,exploratory (not declared; no multiplicity correction)
scaling M=16,1000,DQN-ES,ES-only,sla_violation_pct,30,6.7700000000000005,5.279916666666667,8.70675,0.4566666666666667,0.3766666666666667,0.5433333333333333,5.5,4.3,6.8,1.862645149230957e-09,False,exploratory (not declared; no multiplicity correction)
scaling M=16,1000,DQN-ES,Static-Tier,avg_latency_ms,30,151.15105475763906,138.8423184259898,164.43270569130354,141.63618815719275,139.98388929474308,143.3143851890443,6.978086108062449,-6.055495996161703,20.754707590902967,0.39305018074810505,False,exploratory (not declared; no multiplicity correction)
scaling M=16,1000,DQN-ES,Static-Tier,avg_energy_mj,30,22.046633889188932,19.74906569550916,24.58680442282601,6.237934629258036,6.150259095838188,6.327007986607992,15.324689092041984,12.822709996706381,18.066700428213345,1.862645149230957e-09,False,exploratory (not declared; no multiplicity correction)
scaling M=16,1000,DQN-ES,Static-Tier,avg_privacy_risk,30,0.38419140384312134,0.3710155494683577,0.39646946348015544,0.21489943419229324,0.2113199749854137,0.21860646855611485,0.1708816661196278,0.15942185906079906,0.18427138743831495,1.862645149230957e-09,False,exploratory (not declared; no multiplicity correction)
scaling M=16,1000,DQN-ES,Static-Tier,avg_privacy_risk_ss,30,0.47818721177059553,0.4605891977602855,0.49434022511120645,0.21398111934941208,0.20772332889582615,0.22030225911646398,0.2659045116247064,0.24692394141566626,0.2838452561426349,1.862645149230957e-09,False,exploratory (not declared; no multiplicity correction)
scaling M=16,1000,DQN-ES,Static-Tier,sla_violation_pct,30,6.7700000000000005,5.283250000000001,8.729999999999999,0.07666666666666667,0.04666666666666667,0.11000000000000001,5.85,4.75,7.300000000000001,1.862645149230957e-09,False,exploratory (not declared; no multiplicity correction)
scaling M=16,1000,DQN-ES,q-mixed[q=0.5],avg_latency_ms,30,151.15105475763906,138.7345527725424,164.38177923429387,171.7463642057746,158.19664956282577,186.54787529325154,-22.49765064682699,-35.701608604706095,-6.437591820109546,0.01283373311161995,False,exploratory (not declared; no multiplicity correction)
scaling M=16,1000,DQN-ES,q-mixed[q=0.5],avg_energy_mj,30,22.046633889188932,19.74576773405728,24.55036870510495,25.38340291831925,22.959980584884118,28.06931271345332,-3.6317527244249437,-6.01032980815787,-0.7948819003549232,0.022098854184150696,False,exploratory (not declared; no multiplicity correction)
scaling M=16,1000,DQN-ES,q-mixed[q=0.5],avg_privacy_risk,30,0.38419140384312134,0.3712742415992794,0.3963630311386509,0.27184676081653264,0.2667469698810764,0.2768332452720602,0.11537917723992386,0.10234502314735042,0.12767730904108793,3.725290298461914e-09,False,exploratory (not declared; no multiplicity correction)
scaling M=16,1000,DQN-ES,q-mixed[q=0.5],avg_privacy_risk_ss,30,0.47818721177059553,0.4611548215486311,0.49448724939045136,0.25691163052816174,0.2508577547021818,0.26254417404599173,0.22317067883971278,0.2038251185187109,0.2412984792315179,1.862645149230957e-09,False,exploratory (not declared; no multiplicity correction)
scaling M=16,1000,DQN-ES,q-mixed[q=0.5],sla_violation_pct,30,6.7700000000000005,5.253333333333333,8.746666666666666,8.893333333333333,8.206666666666667,9.53,-2.8499999999999996,-3.9499999999999993,-1.5,0.00020666606724262238,False,exploratory (not declared; no multiplicity correction)
scaling M=32,1000,DQN-ES,Random-K[K=3],avg_latency_ms,30,204.4162529541225,170.34905089097805,248.28637798339636,308.6360140434979,286.86687358676096,331.5148109378016,-109.86767432527785,-142.3586039828418,-74.55703627745615,1.597777009010315e-05,False,exploratory (not declared; no multiplicity correction)
scaling M=32,1000,DQN-ES,Random-K[K=3],avg_energy_mj,30,31.199538890861117,25.05224115017546,39.23947393472966,50.52581245195974,46.66297953654638,54.73017169086764,-20.493137789952247,-26.04331604434827,-14.09303253872869,1.3966113328933716e-05,False,exploratory (not declared; no multiplicity correction)
scaling M=32,1000,DQN-ES,Random-K[K=3],avg_privacy_risk,30,0.4034699763260617,0.38719627503161713,0.418706176728199,0.19199384550379803,0.19065575313001915,0.19352191682683006,0.2150546992353044,0.20080212683272122,0.2288387543443243,1.862645149230957e-09,False,exploratory (not declared; no multiplicity correction)
scaling M=32,1000,DQN-ES,Random-K[K=3],avg_privacy_risk_ss,30,0.48460231665697584,0.4600333857480009,0.506169748483779,0.1460304966363645,0.1443173107171814,0.1477309649313183,0.34512928463145137,0.32787997049853695,0.3634576671974508,1.862645149230957e-09,False,exploratory (not declared; no multiplicity correction)
scaling M=32,1000,DQN-ES,Random-K[K=3],sla_violation_pct,30,9.453333333333335,7.316583333333333,11.91,20.943333333333335,19.743333333333336,22.17,-11.95,-14.149999999999999,-9.3,2.60770320892334e-08,False,exploratory (not declared; no multiplicity correction)
scaling M=32,1000,DQN-ES,ES-only,avg_latency_ms,30,204.4162529541225,170.2292179747718,249.98219889103768,70.19743771594302,69.12987476292807,71.28301224554517,114.13395957301708,91.48409423484065,142.7397376380108,1.862645149230957e-09,False,exploratory (not declared; no multiplicity correction)
scaling M=32,1000,DQN-ES,ES-only,avg_energy_mj,30,31.199538890861117,25.04877299184945,39.288075023317376,6.58368422306529,6.450157005279075,6.716629043290551,21.189026096176697,16.963404829733076,26.14958101614907,1.862645149230957e-09,False,exploratory (not declared; no multiplicity correction)
scaling M=32,1000,DQN-ES,ES-only,avg_privacy_risk,30,0.4034699763260617,0.3874898102415631,0.41847664762781256,0.5423904097492047,0.5361375040355895,0.5485258968304377,-0.13391140941686014,-0.14899546220324683,-0.12139094247625956,1.862645149230957e-09,False,exploratory (not declared; no multiplicity correction)
scaling M=32,1000,DQN-ES,ES-only,avg_privacy_risk_ss,30,0.48460231665697584,0.4606818772039317,0.5062897086543383,0.5880302848481823,0.5848424701755148,0.59114512599612,-0.09520375113563931,-0.11060727748007729,-0.07927667812247055,1.862645149230957e-09,False,exploratory (not declared; no multiplicity correction)
scaling M=32,1000,DQN-ES,ES-only,sla_violation_pct,30,9.453333333333335,7.333333333333333,11.886666666666665,0.4100000000000001,0.3266666666666667,0.4966666666666667,7.5,5.9,10.65,1.862645149230957e-09,False,exploratory (not declared; no multiplicity correction)
scaling M=32,1000,DQN-ES,Static-Tier,avg_latency_ms,30,204.4162529541225,170.09413798560905,251.5479925320015,141.63618815719275,139.97268598939974,143.30687287430177,42.63056076514533,19.95117292479123,72.39176548101581,0.00031275488436222076,False,exploratory (not declared; no multiplicity correction)
scaling M=32,1000,DQN-ES,Static-Tier,avg_energy_mj,30,31.199538890861117,24.986855572467235,39.28099125379379,6.237934629258036,6.151227305822308,6.326653653159904,21.568194453537554,17.24721144010372,26.45941786273151,1.862645149230957e-09,False,exploratory (not declared; no multiplicity correction)
scaling M=32,1000,DQN-ES,Static-Tier,avg_privacy_risk,30,0.4034699763260617,0.3873047531373141,0.418627040715737,0.2252048915396193,0.22138871232497312,0.22919475730542216,0.18194428808287338,0.1667487083469476,0.19613468304722723,1.862645149230957e-09,False,exploratory (not declared; no multiplicity correction)
scaling M=32,1000,DQN-ES,Static-Tier,avg_privacy_risk_ss,30,0.48460231665697584,0.4601404159533992,0.5056311701043328,0.22439809147000755,0.21788640356638211,0.23118663182372917,0.2667721302519227,0.2470082745921284,0.28471385507903013,1.862645149230957e-09,False,exploratory (not declared; no multiplicity correction)
scaling M=32,1000,DQN-ES,Static-Tier,sla_violation_pct,30,9.453333333333335,7.383333333333334,11.826750000000002,0.07666666666666667,0.04666666666666666,0.11,7.85,6.199999999999999,11.0,1.862645149230957e-09,False,exploratory (not declared; no multiplicity correction)
scaling M=32,1000,DQN-ES,q-mixed[q=0.5],avg_latency_ms,30,204.4162529541225,169.88969213420873,248.71108546188603,188.83201634344837,177.9893302954044,200.62729192680484,-0.8173878533761894,-26.875039652434964,31.722700027147525,0.9515264742076397,False,exploratory (not declared; no multiplicity correction)
scaling M=32,1000,DQN-ES,q-mixed[q=0.5],avg_energy_mj,30,31.199538890861117,24.98560816896881,39.30228387497443,28.506108317660967,26.537842258784227,30.587959215994264,0.057496529835081134,-4.470011705730143,6.015025077586358,0.9838335812091827,False,exploratory (not declared; no multiplicity correction)
scaling M=32,1000,DQN-ES,q-mixed[q=0.5],avg_privacy_risk,30,0.4034699763260617,0.3872227515217102,0.41837635175682614,0.2935638175653715,0.28981135996750895,0.2973978671547933,0.11491946436606881,0.09963409693734637,0.1286761399303978,5.587935447692871e-09,False,exploratory (not declared; no multiplicity correction)
scaling M=32,1000,DQN-ES,q-mixed[q=0.5],avg_privacy_risk_ss,30,0.48460231665697584,0.4600142053445223,0.5062459946023335,0.26945686629853666,0.26452662338598193,0.27424485594858167,0.22405526856289842,0.20353770936991836,0.24181632122282512,1.862645149230957e-09,False,exploratory (not declared; no multiplicity correction)
scaling M=32,1000,DQN-ES,q-mixed[q=0.5],sla_violation_pct,30,9.453333333333335,7.343333333333334,11.86675,10.469999999999999,9.83,11.096666666666666,-2.1,-4.0,0.6999999999999993,0.1105894111096859,False,exploratory (not declared; no multiplicity correction)
